AdQuoNo,DetailType,DetailNo,Type,PartName,MaterialName,SpecName1,SpecName2,No,FirstName,StandDimen,MakerName,MakerNameOrg,Unit,UnitOrg,Quantity,UnitPrice,UnitPriceOrg,Amount,Note,LaborOuts,MaterUnitPrice,LaborUnitPrice,OutsUnitPrice,MaterCostTotal,LaborCostTotal,OutsCostTotal,MaterUnitPriceOrg,LaborUnitPriceOrg,OutsUnitPriceOrg,MaterUPChangeFlag,LaborUPChangeFlag,OutsUPChangeFlag,FirstNameChangeFlag,StandChangeFlag,UnitPriceChangeFlag,AmountChangeFlag,MakerChangeFlag,UnitChangeFlag,SpecCode1,SpecCode2,ReadFlag,M_EstUP1,M_MaterUP1,M_LaborUP1,M_OutsUP1,M_EstUP2,M_MaterUP2,M_LaborUP2,M_OutsUP2,MaterScaleFactor,LaborAmountTotal,OutsAmountTotal,OpenUPOrg,MaterOpenUPOrg,LaborOpenUPOrg,OutsOpenUPOrg,OutsCost,MaterCost,LiftingCost,LaborCost,SiteExpense,ReadDataKey
3,1,1,,,,,,1,（内部）,,,,,,,,,,,,,,,,,,,,,0,0,0,1,0,0,0,0,0,,,1,,,,,,,,,,,,,,,,,,,,,
3,1,2,,,,,,2,＜壁＞,,,,,,,,,,,,,,,,,,,,,0,0,0,1,0,0,0,0,0,,,1,,,,,,,,,,,,,,,,,,,,,
3,1,3,B 軽鉄下地 (壁),壁,一般材,壁 軽鉄下地 W=65 @455,,3,壁 軽鉄壁下地,65形 下地張りあり @450,,,m2,㎡,21.1,"1,700","1,700","35,870",3 Ⅳ.旅客A建築工事11.金属工事,労務,869,400,"1,530","18,336","8,440","32,283",869,400,"1,530",0,0,0,1,1,0,0,0,1,2010106,,1,"1,700",869,400,"1,530",,,,,1,,,0,0,0,0,,"18,336",717,"8,440",717,
3,1,4,B 軽鉄下地 (壁),壁,一般材,壁 軽鉄下地 W=100 @455,,4,壁 軽鉄壁下地,100形 下地張りあり @450,,,m2,㎡,679,"1,850","1,850","1,256,150",3 Ⅳ.旅客A建築工事11.金属工事,労務,961,420,"1,670","652,519","285,180","1,133,930",961,420,"1,670",0,0,0,1,1,0,0,0,1,2010109,,1,"1,850",961,420,"1,670",,,,,1,,,0,0,0,0,,"652,519","25,123","285,180","25,123",
3,1,5,B 軽鉄下地 (壁),壁開口,一般材,壁 開口補強 W=100,,5,軽鉄壁下地開口補強,100形用,,,ｍ,M,48,"1,300","1,300","62,400",3 Ⅳ.旅客A建築工事11.金属工事,労務,620,290,"1,170","29,760","13,920","56,160",620,290,"1,170",0,0,0,1,1,0,0,0,1,2130009,,1,"1,300",620,290,"1,170",,,,,1,,,0,0,0,0,,"29,760","1,248","13,920","1,248",
3,1,6,,,,,,6,＜間仕切＞,,,,,,,,,,,,,,,,,,,,,0,0,0,1,0,0,0,0,0,,,1,,,,,,,,,,,,,,,,,,,,,
3,1,7,B 軽鉄下地 (壁),壁,JIS材,壁 軽鉄下地 W=100 @455,,7,軽鉄壁下地,t=100 JIS規格 @450,,,m2,㎡,28.1,"2,400","2,400","67,440",3 Ⅳ.旅客A建築工事11.金属工事,労務,"1,350",440,"2,160","37,935","12,364","60,696","1,350",440,"2,160",0,0,0,1,1,0,0,0,1,2010109,,1,"2,400","1,350",440,"2,160",,,,,1,,,0,0,0,0,,"37,935","1,349","12,364","1,349",
3,1,8,,,,,,8,軽鉄壁下地,補強材:2□-100×100×3.2 @3600,,,m2,M,28.1,,,,,,,,,,,,,,,0,0,0,1,1,0,0,0,1,,,0,,,,,,,,,,,,,,,,,,,,0,
3,1,9,,,,,,0,,ｽｳｪｰ工法,,,,,,,,,,,,,,,,,,,,0,0,0,0,1,0,0,0,0,,,1,,,,,,,,,,,,,,,,,,,,,
3,1,10,,,,,,0,,(5.0＜H≦7.0m),,,,,,,,,,,,,,,,,,,,0,0,0,0,1,0,0,0,0,,,1,,,,,,,,,,,,,,,,,,,,,
3,1,11,,,,,,0,,図A-2252準,,,,,,,,,,,,,,,,,,,,0,0,0,0,1,0,0,0,0,,,1,,,,,,,,,,,,,,,,,,,,,
3,1,12,B 軽鉄下地 (壁),壁開口,一般材,壁 開口補強 W=100,,1,軽鉄壁下地 開口部補強,LGS100形用,,,ｍ,M,17,"1,300","1,300","22,100",3 Ⅳ.旅客A建築工事11.金属工事,労務,620,290,"1,170","10,540","4,930","19,890",620,290,"1,170",0,0,0,1,1,0,0,0,1,2130009,,1,"1,300",620,290,"1,170",,,,,1,,,0,0,0,0,,"10,540",442,"4,930",442,
3,1,13,B 軽鉄下地 (壁),壁開口,JIS材,壁 開口補強 2C-75×45×15,,0,,2C-75ｘ45ｘ15ｘ2.3,,,ｍ,M,17,"3,750","3,750","63,750",3 Ⅳ.旅客A建築工事11.金属工事,労務,"1,952",640,"3,380","33,184","10,880","57,460","1,952",640,"3,380",0,0,0,1,1,0,0,0,1,2130106,,1,"3,750","1,952",640,"3,380",,,,,1,,,0,0,0,0,,"33,184","1,275","10,880","1,275",
3,1,14,,,,,,0,,図A-1352C/10,,,,,,,,,,,,,,,,,,,,0,0,0,0,1,0,0,0,0,,,1,,,,,,,,,,,,,,,,,,,,,
3,1,15,A 軽鉄下地 (天井),天井開口,一般材,天井 軽鉄下地 開口補強 600×600,,1,軽鉄天井下地開口補強,19形 600×600,,,か所,ｹ所,16,"2,850","2,850","45,600",3 Ⅳ.旅客A建築工事11.金属工事,労務,785,600,"2,570","12,560","9,600","41,120",785,600,"2,570",0,0,0,1,1,0,0,0,1,1120102,,1,"2,850",785,600,"2,570",,,,,1,,,0,0,0,0,,"12,560",912,"9,600",912,
3,1,16,,,,,,0,,(建築用天井点検口),,,,,,,,,,,,,,,,,,,,0,0,0,0,1,0,0,0,0,,,1,,,,,,,,,,,,,,,,,,,,,
3,1,17,A 軽鉄下地 (天井),天井開口,一般材,天井 軽鉄下地 開口補強 (M),,1,軽鉄天井下地開口補強,φ=220,,,か所,M,75,920,"1,050","69,000",3 Ⅳ.旅客A建築工事11.金属工事,労務,231,220,840,"17,325","16,500","63,000",262,250,950,2,2,2,1,1,2,0,0,1,1120001,,1,"1,050",262,250,950,,,,,1,,,920,231,220,840,,"17,325","1,380","16,500","1,380",
3,1,18,,,,,,0,,(電気設備用),,,,,,,,,,,,,,,,,,,,0,0,0,0,1,0,0,0,0,,,1,,,,,,,,,,,,,,,,,,,,,
3,1,19,A 軽鉄下地 (天井),天井開口,一般材,天井 軽鉄下地 開口補強 300×1200,,1,軽鉄天井下地開口補強,19形 1250×150,,,か所,ｹ所,15,"3,000","3,000","45,000",3 Ⅳ.旅客A建築工事11.金属工事,労務,717,750,"2,700","10,755","11,250","40,500",717,750,"2,700",0,0,0,1,1,0,0,0,1,1120104,,1,"3,000",717,750,"2,700",,,,,1,,,0,0,0,0,,"10,755",900,"11,250",900,
3,1,20,,,,,,0,,(電気設備用),,,,,,,,,,,,,,,,,,,,0,0,0,0,1,0,0,0,0,,,1,,,,,,,,,,,,,,,,,,,,,
3,1,21,A 軽鉄下地 (天井),天井開口,一般材,天井 軽鉄下地 開口補強 300×1200,,1,軽鉄天井下地開口補強,19形 1250×220,,,か所,ｹ所,19,"3,000","3,000","57,000",3 Ⅳ.旅客A建築工事11.金属工事,労務,717,750,"2,700","13,623","14,250","51,300",717,750,"2,700",0,0,0,1,1,0,0,0,1,1120104,,1,"3,000",717,750,"2,700",,,,,1,,,0,0,0,0,,"13,623","1,140","14,250","1,140",
3,1,22,,,,,,0,,(電気設備用),,,,,,,,,,,,,,,,,,,,0,0,0,0,1,0,0,0,0,,,1,,,,,,,,,,,,,,,,,,,,,
3,1,23,A 軽鉄下地 (天井),天井開口,一般材,天井 軽鉄下地 開口補強 450×450,,1,軽鉄天井下地開口補強,19形 450×450,,,か所,ｹ所,3,"2,000","2,000","6,000",3 Ⅳ.旅客A建築工事11.金属工事,労務,526,450,"1,800","1,578","1,350","5,400",526,450,"1,800",0,0,0,1,1,0,0,0,1,1120101,,1,"2,000",526,450,"1,800",,,,,1,,,0,0,0,0,,"1,578",120,"1,350",120,
3,1,24,,,,,,0,,(電気設備用天井点検口),,,,,,,,,,,,,,,,,,,,0,0,0,0,1,0,0,0,0,,,1,,,,,,,,,,,,,,,,,,,,,
3,1,25,A 軽鉄下地 (天井),天井開口,一般材,天井 軽鉄下地 開口補強 600×600,,1,軽鉄天井下地開口補強,19形 600×600,,,か所,ｹ所,10,"2,850","2,850","28,500",3 Ⅳ.旅客A建築工事11.金属工事,労務,785,600,"2,570","7,850","6,000","25,700",785,600,"2,570",0,0,0,1,1,0,0,0,1,1120102,,1,"2,850",785,600,"2,570",,,,,1,,,0,0,0,0,,"7,850",570,"6,000",570,
3,1,26,,,,,,0,,(電気設備用天井点検口),,,,,,,,,,,,,,,,,,,,0,0,0,0,1,0,0,0,0,,,1,,,,,,,,,,,,,,,,,,,,,
3,1,27,A 軽鉄下地 (天井),天井開口,一般材,天井 軽鉄下地 開口補強 300×1200,,1,軽鉄天井下地開口補強,19形 1100×300,,,か所,ｹ所,20,"3,000","3,000","60,000",3 Ⅳ.旅客A建築工事11.金属工事,労務,717,750,"2,700","14,340","15,000","54,000",717,750,"2,700",0,0,0,1,1,0,0,0,1,1120104,,1,"3,000",717,750,"2,700",,,,,1,,,0,0,0,0,,"14,340","1,200","15,000","1,200",
3,1,28,,,,,,0,,(機械設備用),,,,,,,,,,,,,,,,,,,,0,0,0,0,1,0,0,0,0,,,1,,,,,,,,,,,,,,,,,,,,,
3,1,29,A 軽鉄下地 (天井),天井開口,一般材,天井 軽鉄下地 開口補強 600×600,,1,軽鉄天井下地開口補強,19形 600×600,,,か所,ｹ所,8,"2,850","2,850","22,800",3 Ⅳ.旅客A建築工事11.金属工事,労務,785,600,"2,570","6,280","4,800","20,560",785,600,"2,570",0,0,0,1,1,0,0,0,1,1120102,,1,"2,850",785,600,"2,570",,,,,1,,,0,0,0,0,,"6,280",456,"4,800",456,
3,1,30,,,,,,0,,(機械設備用天井点検口),,,,,,,,,,,,,,,,,,,,0,0,0,0,1,0,0,0,0,,,1,,,,,,,,,,,,,,,,,,,,,
3,1,31,,,,,,1,≪官庁専有部≫,,,,,,,,,,,,,,,,,,,,,0,0,0,1,0,0,0,0,0,,,1,,,,,,,,,,,,,,,,,,,,,
3,1,32,,,,,,2,（内部）,,,,,,,,,,,,,,,,,,,,,0,0,0,1,0,0,0,0,0,,,1,,,,,,,,,,,,,,,,,,,,,
3,1,33,,,,,,3,＜壁＞,,,,,,,,,,,,,,,,,,,,,0,0,0,1,0,0,0,0,0,,,1,,,,,,,,,,,,,,,,,,,,,
3,1,34,B 軽鉄下地 (壁),壁,一般材,壁 軽鉄下地 W=65 @455,,4,壁 軽鉄壁下地,65形 下地張りあり @450,,,m2,㎡,90.6,"1,700","1,700","154,020",4 Ⅳ旅客 官庁ｲ官専a.本館9金属工事,労務,869,400,"1,530","78,731","36,240","138,618",869,400,"1,530",0,0,0,1,1,0,0,0,1,2010106,,1,"1,700",869,400,"1,530",,,,,1,,,0,0,0,0,,"78,731","3,080","36,240","3,080",
3,1,35,B 軽鉄下地 (壁),柱型,一般材,柱型 軽鉄下地 W=65 @455,,5,柱型 軽鉄壁下地,65形 下地張りあり @450,,,m2,㎡,401,"2,450","2,450","982,450",4 Ⅳ旅客 官庁ｲ官専a.本館9金属工事,労務,"1,224",480,"2,210","490,824","192,480","886,210","1,224",480,"2,210",0,0,0,1,1,0,0,0,1,2070106,,1,"2,450","1,224",480,"2,210",,,,,1,,,0,0,0,0,,"490,824","19,649","192,480","19,649",
3,1,36,B 軽鉄下地 (壁),壁,一般材,壁 軽鉄下地 W=100 @455,,6,壁 軽鉄壁下地,100形 下地張りあり @450,,,m2,㎡,135,"1,850","1,850","249,750",4 Ⅳ旅客 官庁ｲ官専a.本館9金属工事,労務,961,420,"1,670","129,735","56,700","225,450",961,420,"1,670",0,0,0,1,1,0,0,0,1,2010109,,1,"1,850",961,420,"1,670",,,,,1,,,0,0,0,0,,"129,735","4,995","56,700","4,995",
3,1,37,B 軽鉄下地 (壁),壁,一般材,壁 軽鉄下地 W=100 @455,,7,壁 軽鉄壁下地,100形 下地張りあり @450,,,m2,㎡,208,"1,850","1,850","384,800",4 Ⅳ旅客 官庁ｲ官専a.本館9金属工事,労務,961,420,"1,670","199,888","87,360","347,360",961,420,"1,670",0,0,0,1,1,0,0,0,1,2010109,,1,"1,850",961,420,"1,670",,,,,1,,,0,0,0,0,,"199,888","7,696","87,360","7,696",
3,1,38,,,,,,0,,(階段室二重壁 SL1),,,,,,,,,,,,,,,,,,,,0,0,0,0,1,0,0,0,0,,,1,,,,,,,,,,,,,,,,,,,,,
3,1,39,B 軽鉄下地 (壁),壁,一般材,壁 軽鉄下地 W=100 @455,,1,壁 軽鉄壁下地,100形 下地張りあり @450,,,m2,㎡,29.7,"1,850","1,850","54,945",4 Ⅳ旅客 官庁ｲ官専a.本館9金属工事,労務,961,420,"1,670","28,542","12,474","49,599",961,420,"1,670",0,0,0,1,1,0,0,0,1,2010109,,1,"1,850",961,420,"1,670",,,,,1,,,0,0,0,0,,"28,542","1,099","12,474","1,099",
3,1,40,,,,,,0,,補強材:2□-100×100×3.2 @3600,,,m2,M,29.7,,,,,,,,,,,,,,,0,0,0,1,1,0,0,0,1,,,0,,,,,,,,,,,,,,,,,,,,0,
3,1,41,,,,,,0,,(5.0＜H≦7.0m),,,,,,,,,,,,,,,,,,,,0,0,0,0,1,0,0,0,0,,,1,,,,,,,,,,,,,,,,,,,,,
3,1,42,,,,,,0,,図A-2252準,,,,,,,,,,,,,,,,,,,,0,0,0,0,1,0,0,0,0,,,1,,,,,,,,,,,,,,,,,,,,,
3,1,43,B 軽鉄下地 (壁),壁開口,一般材,壁 開口補強 W=65,,1,軽鉄壁下地開口補強,65形用,,,ｍ,M,133,"1,050","1,050","139,650",4 Ⅳ旅客 官庁ｲ官専a.本館9金属工事,労務,483,250,950,"64,239","33,250","126,350",483,250,950,0,0,0,1,1,0,0,0,1,2130006,,1,"1,050",483,250,950,,,,,1,,,0,0,0,0,,"64,239","2,793","33,250","2,793",
3,1,44,B 軽鉄下地 (壁),壁開口,一般材,壁 開口補強 W=100,,2,軽鉄壁下地開口補強,100形用,,,ｍ,M,127,"1,300","1,300","165,100",4 Ⅳ旅客 官庁ｲ官専a.本館9金属工事,労務,620,290,"1,170","78,740","36,830","148,590",620,290,"1,170",0,0,0,1,1,0,0,0,1,2130009,,1,"1,300",620,290,"1,170",,,,,1,,,0,0,0,0,,"78,740","3,302","36,830","3,302",
3,1,45,B 軽鉄下地 (壁),ﾌｶｼ壁,一般材,ﾌｶｼ壁 軽鉄下地 Mﾊﾞｰ W=19 @455,,3,薄型二重壁工法,Wﾊﾞｰ 50×19 @450 ALC面,,,m2,㎡,227,"1,650","1,650","374,550",4 Ⅳ旅客 官庁ｲ官専a.本館9金属工事,労務,529,590,"1,490","120,083","133,930","338,230",529,590,"1,490",0,0,0,1,1,0,0,0,1,2030101,,1,"1,650",529,590,"1,490",,,,,1,,,0,0,0,0,,"120,083","7,491","133,930","7,491",
3,1,46,,,,,,0,,K-ﾜﾝ工法同等品,,,,,,,,,,,,,,,,,,,,0,0,0,0,1,0,0,0,0,,,1,,,,,,,,,,,,,,,,,,,,,
3,1,47,,,,,,1,設備機器ﾗｲﾆﾝｸﾞ壁下地,C-100×50×20×2.3 @450,,,,,,,,,,,,,,,,,,,,0,0,0,1,1,0,0,0,0,,,1,,,,,,,,,,,,,,,,,,,,,
3,1,48,,,,,,0,,図A-3451/K1-6～8,,,,,,,,,,,,,,,,,,,,0,0,0,0,1,0,0,0,0,,,1,,,,,,,,,,,,,,,,,,,,,
3,1,49,,,,,,1,＜間仕切＞,,,,,,,,,,,,,,,,,,,,,0,0,0,1,0,0,0,0,0,,,1,,,,,,,,,,,,,,,,,,,,,
3,1,50,B 軽鉄下地 (壁),壁,JIS材,壁 軽鉄下地 W=65 @455,,2,軽鉄壁下地,t=65 JIS規格 @450,,,m2,㎡,7.2,"2,100","2,100","15,120",4 Ⅳ旅客 官庁ｲ官専a.本館9金属工事,労務,"1,146",420,"1,890","8,251","3,024","13,608","1,146",420,"1,890",0,0,0,1,1,0,0,0,1,2010106,,1,"2,100","1,146",420,"1,890",,,,,1,,,0,0,0,0,,"8,251",302,"3,024",302,
3,1,51,,,,,,0,,ｽｳｪｰ工法,,,,,,,,,,,,,,,,,,,,0,0,0,0,1,0,0,0,0,,,1,,,,,,,,,,,,,,,,,,,,,
3,1,52,B 軽鉄下地 (壁),壁,JIS材,壁 軽鉄下地 W=100 @455,,1,軽鉄壁下地,t=100 JIS規格 @450,,,m2,㎡,586,"2,400","2,400","1,406,400",4 Ⅳ旅客 官庁ｲ官専a.本館9金属工事,労務,"1,350",440,"2,160","791,100","257,840","1,265,760","1,350",440,"2,160",0,0,0,1,1,0,0,0,1,2010109,,1,"2,400","1,350",440,"2,160",,,,,1,,,0,0,0,0,,"791,100","28,128","257,840","28,128",
3,1,53,,,,,,0,,ｽｳｪｰ工法,,,,,,,,,,,,,,,,,,,,0,0,0,0,1,0,0,0,0,,,1,,,,,,,,,,,,,,,,,,,,,
3,1,54,B 軽鉄下地 (壁),壁,JIS材,壁 軽鉄下地 W=100 @455,,1,軽鉄壁下地,t=100 JIS規格 @450,,,m2,㎡,4903,"2,400","2,400","11,767,200",4 Ⅳ旅客 官庁ｲ官専a.本館9金属工事,労務,"1,350",440,"2,160","6,619,050","2,157,320","10,590,480","1,350",440,"2,160",0,0,0,1,1,0,0,0,1,2010109,,1,"2,400","1,350",440,"2,160",,,,,1,,,0,0,0,0,,"6,619,050","235,344","2,157,320","235,344",
3,1,55,,,,,,0,,補強材:2□-100×100×3.2 @3600,,,,,,,,,,,,,,,,,,,,0,0,0,1,1,0,0,0,0,,,1,,,,,,,,,,,,,,,,,,,,,
3,1,56,,,,,,0,,ｽｳｪｰ工法,,,,,,,,,,,,,,,,,,,,0,0,0,0,1,0,0,0,0,,,1,,,,,,,,,,,,,,,,,,,,,
3,1,57,,,,,,0,,(5.0＜H≦7.0m),,,,,,,,,,,,,,,,,,,,0,0,0,0,1,0,0,0,0,,,1,,,,,,,,,,,,,,,,,,,,,
3,1,58,,,,,,0,,図A-2252準,,,,,,,,,,,,,,,,,,,,0,0,0,0,1,0,0,0,0,,,1,,,,,,,,,,,,,,,,,,,,,
3,1,59,B 軽鉄下地 (壁),壁開口,一般材,壁 開口補強 W=65,壁 開口補強 C-65×30×10,1,軽鉄壁下地 開口部補強,LGS65形用,,,ｍ,M,8.4,"2,350","2,350","19,740",4 Ⅳ旅客 官庁ｲ官専a.本館9金属工事,労務,"1,096",530,"2,120","9,206","4,452","17,808","1,096",530,"2,120",0,0,0,1,1,0,0,0,1,2130006,2130102,1,"1,050",483,250,950,"1,300",613,280,"1,170",1,,,0,0,0,0,,"9,206",395,"4,452",395,
3,1,60,,,,,,0,,C-60×30×10×2.3,,,,,,,,,,,,,,,,,,,,0,0,0,0,1,0,0,0,0,,,1,,,,,,,,,,,,,,,,,,,,,
3,1,61,,,,,,0,,図A-1352C/10,,,,,,,,,,,,,,,,,,,,0,0,0,0,1,0,0,0,0,,,1,,,,,,,,,,,,,,,,,,,,,
3,1,62,B 軽鉄下地 (壁),壁開口,一般材,壁 開口補強 W=100,,1,軽鉄壁下地 開口部補強,LGS100形用,,,ｍ,M,1936,"1,300","1,300","2,516,800",4 Ⅳ旅客 官庁ｲ官専a.本館9金属工事,労務,620,290,"1,170","1,200,320","561,440","2,265,120",620,290,"1,170",0,0,0,1,1,0,0,0,1,2130009,,1,"1,300",620,290,"1,170",,,,,1,,,0,0,0,0,,"1,200,320","50,336","561,440","50,336",
3,1,63,B 軽鉄下地 (壁),壁開口,一般材,壁 開口補強 2C-75×45×15,,0,,2C-75×45×15×2.3,,,ｍ,M,1936,,,,4 Ⅳ旅客 官庁ｲ官専a.本館9金属工事,労務,,,,,,,,,,0,0,0,1,1,0,0,0,1,2130106,,1,,,,,,,,,1,,,0,0,0,0,,0,0,0,0,
3,1,64,,,,,,0,,図A-1352C/10,,,,,,,,,,,,,,,,,,,,0,0,0,0,1,0,0,0,0,,,1,,,,,,,,,,,,,,,,,,,,,
3,1,65,,,,,,1,＜天井＞,,,,,,,,,,,,,,,,,,,,,0,0,0,1,0,0,0,0,0,,,1,,,,,,,,,,,,,,,,,,,,,
3,1,66,A 軽鉄下地 (天井),天井,一般材,天井 軽鉄下地 @364,ﾌﾄｺﾛ H=2000以下 (水平補強),2,天井 軽鉄天井下地,19形 捨張,,,m2,㎡,224,"2,300","2,300","515,200",4 Ⅳ旅客 官庁ｲ官専a.本館9金属工事,労務,"1,003",570,"2,080","224,672","127,680","465,920","1,003",570,"2,080",0,0,0,1,1,0,0,0,1,1010001,1130103,1,"1,250",534,400,"1,130","1,050",469,170,950,1,,,0,0,0,0,,"224,672","10,304","127,680","10,304",
3,1,67,,,,,,0,,(岩綿吸音板t9+PBt9.5) @360,,,,,,,,,,,,,,,,,,,,0,0,0,0,1,0,0,0,0,,,1,,,,,,,,,,,,,,,,,,,,,
3,1,68,,,,,,0,,ﾌﾄｺﾛ 1.5≦H≦2.0,,,,,,,,,,,,,,,,,,,,0,0,0,0,1,0,0,0,0,,,1,,,,,,,,,,,,,,,,,,,,,
3,1,69,,,,,,0,,振止1段共,,,,,,,,,,,,,,,,,,,,0,0,0,0,1,0,0,0,0,,,1,,,,,,,,,,,,,,,,,,,,,
3,1,70,A 軽鉄下地 (天井),天井,一般材,天井 軽鉄下地 @303-1820,ﾌﾄｺﾛ H=3000以下 (水平補強),1,天井 軽鉄天井下地,19形 直張(PBt9.5) @300,,,m2,㎡,9.8,"2,850","2,850","27,930",4 Ⅳ旅客 官庁ｲ官専a.本館9金属工事,労務,"1,318",590,"2,570","12,916","5,782","25,186","1,318",590,"2,570",0,0,0,1,1,0,0,0,1,1010002,1130105,1,"1,350",578,400,"1,220","1,500",740,190,"1,350",1,,,0,0,0,0,,"12,916",559,"5,782",559,
3,1,71,,,,,,0,,ﾌﾄｺﾛ 2.5≦H<3.0,,,,,,,,,,,,,,,,,,,,0,0,0,0,1,0,0,0,0,,,1,,,,,,,,,,,,,,,,,,,,,
3,1,72,,,,,,0,,振止1段共,,,,,,,,,,,,,,,,,,,,0,0,0,0,1,0,0,0,0,,,1,,,,,,,,,,,,,,,,,,,,,
3,1,73,A 軽鉄下地 (天井),天井,一般材,天井 軽鉄下地 @227.5,ﾌﾄｺﾛ H=2000以下 (水平補強),1,天井 軽鉄天井下地,19形 直張(化粧PBt9.5) @225,,,m2,㎡,94.4,"2,550","2,550","240,720",4 Ⅳ旅客 官庁ｲ官専a.本館9金属工事,労務,"1,164",600,"2,300","109,882","56,640","217,120","1,164",600,"2,300",0,0,0,1,1,0,0,0,1,1010004,1130103,1,"1,500",695,430,"1,350","1,050",469,170,950,1,,,0,0,0,0,,"109,882","4,814","56,640","4,814",
3,1,74,,,,,,0,,ﾌﾄｺﾛ 1.5≦H<2.0,,,,,,,,,,,,,,,,,,,,0,0,0,0,1,0,0,0,0,,,1,,,,,,,,,,,,,,,,,,,,,
3,1,75,,,,,,0,,振止1段共,,,,,,,,,,,,,,,,,,,,0,0,0,0,1,0,0,0,0,,,1,,,,,,,,,,,,,,,,,,,,,
3,1,76,A 軽鉄下地 (天井),天井,一般材,天井 軽鉄下地 @227.5,ﾌﾄｺﾛ H=2500以下 (水平補強),1,天井 軽鉄天井下地,19形 直張(化粧PBt9.5) @225,,,m2,㎡,1.2,"2,850","2,850","3,420",4 Ⅳ旅客 官庁ｲ官専a.本館9金属工事,労務,"1,350",610,"2,570","1,620",732,"3,084","1,350",610,"2,570",0,0,0,1,1,0,0,0,1,1010004,1130104,1,"1,500",695,430,"1,350","1,350",655,180,"1,220",1,,,0,0,0,0,,"1,620",68,732,68,
3,1,77,,,,,,0,,ﾌﾄｺﾛ 2.0≦H<2.5,,,,,,,,,,,,,,,,,,,,0,0,0,0,1,0,0,0,0,,,1,,,,,,,,,,,,,,,,,,,,,
3,1,78,,,,,,0,,振止1段共,,,,,,,,,,,,,,,,,,,,0,0,0,0,1,0,0,0,0,,,1,,,,,,,,,,,,,,,,,,,,,
3,1,79,A 軽鉄下地 (天井),天井,一般材,天井 軽鉄下地 @227.5,ﾌﾄｺﾛ H=2500以下 (水平補強),1,天井 軽鉄天井下地,19形 直張(化粧PBt9.5) @225,,,m2,㎡,10.6,"2,850","2,850","30,210",4 Ⅳ旅客 官庁ｲ官専a.本館9金属工事,労務,"1,350",610,"2,570","14,310","6,466","27,242","1,350",610,"2,570",0,0,0,1,1,0,0,0,1,1010004,1130104,1,"1,500",695,430,"1,350","1,350",655,180,"1,220",1,,,0,0,0,0,,"14,310",604,"6,466",604,
3,1,80,,,,,,0,,ﾌﾄｺﾛ 2.5≦H<3.0,,,,,,,,,,,,,,,,,,,,0,0,0,0,1,0,0,0,0,,,1,,,,,,,,,,,,,,,,,,,,,
3,1,81,,,,,,0,,振止1段共,,,,,,,,,,,,,,,,,,,,0,0,0,0,1,0,0,0,0,,,1,,,,,,,,,,,,,,,,,,,,,
3,1,82,A 軽鉄下地 (天井),天井,一般材,天井 軽鉄下地 @227.5,ﾌﾄｺﾛ H=3500以下 (水平補強),1,天井 軽鉄天井下地,19形 直張(化粧PBt9.5) @225,,,m2,㎡,22.4,"3,000","3,000","67,200",4 Ⅳ旅客 官庁ｲ官専a.本館9金属工事,労務,"1,418",630,"2,700","31,763","14,112","60,480","1,418",630,"2,700",0,0,0,1,1,0,0,0,1,1010004,1130106,1,"1,500",695,430,"1,350","1,500",723,200,"1,350",1,,,0,0,0,0,,"31,763","1,344","14,112","1,344",
3,1,83,,,,,,0,,ﾌﾄｺﾛ 3.0≦H<3.5,,,,,,,,,,,,,,,,,,,,0,0,0,0,1,0,0,0,0,,,1,,,,,,,,,,,,,,,,,,,,,
3,1,84,,,,,,0,,振止2段共,,,,,,,,,,,,,,,,,,,,0,0,0,0,1,0,0,0,0,,,1,,,,,,,,,,,,,,,,,,,,,
3,1,85,A 軽鉄下地 (天井),天井開口,一般材,天井 軽鉄下地 開口補強 (M),,1,軽鉄天井下地開口補強,19形 2000×2000,,,か所,M,15,"8,400","1,050","126,000",4 Ⅳ旅客 官庁ｲ官専a.本館9金属工事,労務,"2,096","2,000","7,600","31,440","30,000","114,000",262,250,950,2,2,2,1,1,2,0,0,1,1120001,,1,"1,050",262,250,950,,,,,1,,,"8,400","2,096","2,000","7,600",,"31,440","2,520","30,000","2,520",
3,1,86,,,,,,0,,(設備用),,,,,,,,,,,,,,,,,,,,0,0,0,0,1,0,0,0,0,,,1,,,,,,,,,,,,,,,,,,,,,
3,1,87,A 軽鉄下地 (天井),天井開口,一般材,天井 軽鉄下地 開口補強 (M),,1,軽鉄天井下地開口補強,19形 1200×1200,,,か所,M,40,"5,040","1,050","201,600",4 Ⅳ旅客 官庁ｲ官専a.本館9金属工事,労務,"1,258","1,200","4,560","50,320","48,000","182,400",262,250,950,2,2,2,1,1,2,0,0,1,1120001,,1,"1,050",262,250,950,,,,,1,,,"5,040","1,258","1,200","4,560",,"50,320","4,032","48,000","4,032",
3,1,88,,,,,,0,,(設備用),,,,,,,,,,,,,,,,,,,,0,0,0,0,1,0,0,0,0,,,1,,,,,,,,,,,,,,,,,,,,,
3,1,89,A 軽鉄下地 (天井),天井開口,一般材,天井 軽鉄下地 開口補強 (M),,1,軽鉄天井下地開口補強,19形 300×1500,,,か所,M,150,"3,780","1,050","567,000",4 Ⅳ旅客 官庁ｲ官専a.本館9金属工事,労務,943,900,"3,420","141,450","135,000","513,000",262,250,950,2,2,2,1,1,2,0,0,1,1120001,,1,"1,050",262,250,950,,,,,1,,,"3,780",943,900,"3,420",,"141,450","11,340","135,000","11,340",
3,1,90,,,,,,0,,(設備用),,,,,,,,,,,,,,,,,,,,0,0,0,0,1,0,0,0,0,,,1,,,,,,,,,,,,,,,,,,,,,
3,1,91,A 軽鉄下地 (天井),天井開口,一般材,天井 軽鉄下地 開口補強 (M),,1,軽鉄天井下地開口補強,19形 200×2000,,,か所,M,20,"4,620","1,050","92,400",4 Ⅳ旅客 官庁ｲ官専a.本館9金属工事,労務,"1,153","1,100","4,180","23,060","22,000","83,600",262,250,950,2,2,2,1,1,2,0,0,1,1120001,,1,"1,050",262,250,950,,,,,1,,,"4,620","1,153","1,100","4,180",,"23,060","1,848","22,000","1,848",
3,1,92,,,,,,0,,(設備用),,,,,,,,,,,,,,,,,,,,0,0,0,0,1,0,0,0,0,,,1,,,,,,,,,,,,,,,,,,,,,
3,1,93,A 軽鉄下地 (天井),天井開口,一般材,天井 軽鉄下地 開口補強 450×450,,1,軽鉄天井下地開口補強,19形 450×450,,,か所,ｹ所,210,"2,000","2,000","420,000",4 Ⅳ旅客 官庁ｲ官専a.本館9金属工事,労務,526,450,"1,800","110,460","94,500","378,000",526,450,"1,800",0,0,0,1,1,0,0,0,1,1120101,,1,"2,000",526,450,"1,800",,,,,1,,,0,0,0,0,,"110,460","8,400","94,500","8,400",
3,1,94,,,,,,0,,(天井点検口),,,,,,,,,,,,,,,,,,,,0,0,0,0,1,0,0,0,0,,,1,,,,,,,,,,,,,,,,,,,,,
3,1,95,A 軽鉄下地 (天井),天井開口,一般材,天井 軽鉄下地 開口補強 600×600,,1,軽鉄天井下地開口補強,19形 600×600,,,か所,ｹ所,15,"2,850","2,850","42,750",4 Ⅳ旅客 官庁ｲ官専a.本館9金属工事,労務,785,600,"2,570","11,775","9,000","38,550",785,600,"2,570",0,0,0,1,1,0,0,0,1,1120102,,1,"2,850",785,600,"2,570",,,,,1,,,0,0,0,0,,"11,775",855,"9,000",855,
3,1,96,,,,,,0,,(天井点検口),,,,,,,,,,,,,,,,,,,,0,0,0,0,1,0,0,0,0,,,1,,,,,,,,,,,,,,,,,,,,,
3,1,97,A 軽鉄下地 (天井),点検口,一般材,天井 ｱﾙﾐ点検口 額縁ﾀｲﾌﾟ 450×450,,1,天井点検口,ｱﾙﾐ ｱﾙﾏｲﾄ 450角 額縁ﾀｲﾌﾟ,,,か所,ｹ所,150,"4,500","4,500","675,000",4 Ⅳ旅客 官庁ｲ官専a.本館9金属工事,労務,"1,522","1,500","4,050","228,300","225,000","607,500","1,522","1,500","4,050",0,0,0,1,1,0,0,0,1,1181002,,1,"4,500","1,522","1,500","4,050",,,,,1,,,0,0,0,0,,"228,300","13,500","225,000","13,500",
3,1,98,A 軽鉄下地 (天井),点検口,一般材,天井 ｱﾙﾐ点検口 額縁ﾀｲﾌﾟ(鍵付) 450×450,,2,天井点検口,ｱﾙﾐ ｱﾙﾏｲﾄ 450角 額縁ﾀｲﾌﾟ 鍵付,,,か所,ｹ所,40,"7,650","7,650","306,000",4 Ⅳ旅客 官庁ｲ官専a.本館9金属工事,労務,"3,582","1,570","6,890","143,280","62,800","275,600","3,582","1,570","6,890",0,0,0,1,1,0,0,0,1,1181012,,1,"7,650","3,582","1,570","6,890",,,,,1,,,0,0,0,0,,"143,280","6,120","62,800","6,120",
3,1,99,A 軽鉄下地 (天井),点検口,一般材,天井 ｱﾙﾐ点検口 目地ﾀｲﾌﾟ 450×450,,3,天井点検口,ｱﾙﾐ ｱﾙﾏｲﾄ 450角 目地ﾀｲﾌﾟ,,,か所,ｹ所,10,"9,800","9,800","98,000",4 Ⅳ旅客 官庁ｲ官専a.本館9金属工事,労務,"4,097","2,500","8,820","40,970","25,000","88,200","4,097","2,500","8,820",0,0,0,1,1,0,0,0,1,1181102,,1,"9,800","4,097","2,500","8,820",,,,,1,,,0,0,0,0,,"40,970","1,960","25,000","1,960",
3,1,100,A 軽鉄下地 (天井),点検口,一般材,天井 ｱﾙﾐ点検口 目地ﾀｲﾌﾟ(鍵付) 450×450,,4,天井点検口,ｱﾙﾐ ｱﾙﾏｲﾄ 450角 目地ﾀｲﾌﾟ 鍵付,,,か所,ｹ所,10,"12,250","12,250","122,500",4 Ⅳ旅客 官庁ｲ官専a.本館9金属工事,労務,"5,642","2,620","11,030","56,420","26,200","110,300","5,642","2,620","11,030",0,0,0,1,1,0,0,0,1,1181112,,1,"12,250","5,642","2,620","11,030",,,,,1,,,0,0,0,0,,"56,420","2,450","26,200","2,450",
3,1,101,A 軽鉄下地 (天井),点検口,一般材,天井 ｱﾙﾐ点検口 額縁ﾀｲﾌﾟ 600×600,,5,天井点検口,ｱﾙﾐ ｱﾙﾏｲﾄ 600角 額縁ﾀｲﾌﾟ,,,か所,ｹ所,5,"7,550","7,550","37,750",4 Ⅳ旅客 官庁ｲ官専a.本館9金属工事,労務,"3,290","1,800","6,800","16,450","9,000","34,000","3,290","1,800","6,800",0,0,0,1,1,0,0,0,1,1181003,,1,"7,550","3,290","1,800","6,800",,,,,1,,,0,0,0,0,,"16,450",755,"9,000",755,
3,1,102,A 軽鉄下地 (天井),点検口,一般材,天井 ｱﾙﾐ点検口 額縁ﾀｲﾌﾟ(鍵付) 600×600,,6,天井点検口,ｱﾙﾐ ｱﾙﾏｲﾄ 600角 額縁ﾀｲﾌﾟ 鍵付,,,か所,ｹ所,10,"9,950","9,950","99,500",4 Ⅳ旅客 官庁ｲ官専a.本館9金属工事,労務,"4,835","1,890","8,960","48,350","18,900","89,600","4,835","1,890","8,960",0,0,0,1,1,0,0,0,1,1181013,,1,"9,950","4,835","1,890","8,960",,,,,1,,,0,0,0,0,,"48,350","1,990","18,900","1,990",
3,1,103,,,,,,0,,,,,,,,,,,,,,,,,,,,,,0,0,0,0,0,0,0,0,0,,,1,,,,,,,,,,,,,,,,,,,,,
3,1,104,,,,,,0,,,,,,,,,,,,,,,,,,,,,,0,0,0,0,0,0,0,0,0,,,1,,,,,,,,,,,,,,,,,,,,,
3,1,105,,,,,,0,,,,,,,,,,,,,,,,,,,,,,0,0,0,0,0,0,0,0,0,,,1,,,,,,,,,,,,,,,,,,,,,
3,1,106,,,,,,1,≪民間専有部≫,,,,,,,,,,,,,,,,,,,,,0,0,0,1,0,0,0,0,0,,,1,,,,,,,,,,,,,,,,,,,,,
3,1,107,,,,,,2,（内部）,,,,,,,,,,,,,,,,,,,,,0,0,0,1,0,0,0,0,0,,,1,,,,,,,,,,,,,,,,,,,,,
3,1,108,,,,,,3,＜壁＞,,,,,,,,,,,,,,,,,,,,,0,0,0,1,0,0,0,0,0,,,1,,,,,,,,,,,,,,,,,,,,,
3,1,109,B 軽鉄下地 (壁),壁,一般材,壁 軽鉄下地 W=65 @455,,4,壁 軽鉄壁下地,65形 下地張りあり @450,,,m2,㎡,577,"1,700","1,700","980,900",4 Ⅳ旅客 民間ﾊ民専a.本館9金属工事,労務,869,400,"1,530","501,413","230,800","882,810",869,400,"1,530",0,0,0,1,1,0,0,0,1,2010106,,1,"1,700",869,400,"1,530",,,,,1,,,0,0,0,0,,"501,413","19,618","230,800","19,618",
3,1,110,B 軽鉄下地 (壁),柱型,一般材,柱型 軽鉄下地 W=65 @455,,5,柱型 軽鉄壁下地,65形 下地張りあり @450,,,m2,㎡,561,"1,440","2,450","807,840",4 Ⅳ旅客 民間ﾊ民専a.本館9金属工事,労務,"1,224",480,"2,210","686,664","269,280","1,239,810","1,224",480,"2,210",0,0,0,1,1,1,0,0,1,2070106,,1,"2,450","1,224",480,"2,210",,,,,1,,,0,0,0,0,,"686,664","16,157","269,280","16,157",
3,1,111,B 軽鉄下地 (壁),曲面壁,一般材,曲面壁 軽鉄下地 W=65 @150 R=1250,,6,円柱 軽鉄壁下地,65形 下地張りあり @450,,,m2,㎡,479,"1,440","7,150","689,760",4 Ⅳ旅客 民間ﾊ民専a.本館9金属工事,労務,"3,232",840,"6,440","1,548,128","402,360","3,084,760","3,232",840,"6,440",0,0,0,1,1,1,0,0,1,2040206,,1,"7,150","3,232",840,"6,440",,,,,1,,,0,0,0,0,,"1,548,128","13,795","402,360","13,795",
3,1,112,B 軽鉄下地 (壁),壁,一般材,壁 軽鉄下地 W=100 @455,,7,壁 軽鉄壁下地,100形 下地張りあり @450,,,m2,㎡,240,"1,850","1,850","444,000",4 Ⅳ旅客 民間ﾊ民専a.本館9金属工事,労務,961,420,"1,670","230,640","100,800","400,800",961,420,"1,670",0,0,0,1,1,0,0,0,1,2010109,,1,"1,850",961,420,"1,670",,,,,1,,,0,0,0,0,,"230,640","8,880","100,800","8,880",
3,1,113,B 軽鉄下地 (壁),柱型,一般材,柱型 軽鉄下地 W=100 @455,,8,柱型 軽鉄壁下地,100形 下地張りあり @450,,,m2,㎡,1103,"1,440","2,800","1,588,320",4 Ⅳ旅客 民間ﾊ民専a.本館9金属工事,労務,"1,444",500,"2,520","1,592,732","551,500","2,779,560","1,444",500,"2,520",0,0,0,1,1,1,0,0,1,2070109,,1,"2,800","1,444",500,"2,520",,,,,1,,,0,0,0,0,,"1,592,732","31,766","551,500","31,766",
3,1,114,B 軽鉄下地 (壁),曲面壁,一般材,曲面壁 軽鉄下地 W=100 @150 R=1250,,9,円柱 軽鉄壁下地,100形 下地張りあり @450,,,m2,㎡,290,"1,440","7,950","417,600",4 Ⅳ旅客 民間ﾊ民専a.本館9金属工事,労務,"3,652",870,"7,160","1,059,080","252,300","2,076,400","3,652",870,"7,160",0,0,0,1,1,1,0,0,1,2040209,,1,"7,950","3,652",870,"7,160",,,,,1,,,0,0,0,0,,"1,059,080","8,352","252,300","8,352",
3,1,115,B 軽鉄下地 (壁),壁,一般材,壁 軽鉄下地 W=100 @455,,10,壁 軽鉄壁下地,100形 下地張りあり @450,,,m2,㎡,687,"1,850","1,850","1,270,950",4 Ⅳ旅客 民間ﾊ民専a.本館9金属工事,労務,961,420,"1,670","660,207","288,540","1,147,290",961,420,"1,670",0,0,0,1,1,0,0,0,1,2010109,,1,"1,850",961,420,"1,670",,,,,1,,,0,0,0,0,,"660,207","25,419","288,540","25,419",
3,1,116,,,,,,0,,(階段室二重壁 SL1),,,,,,,,,,,,,,,,,,,,0,0,0,0,1,0,0,0,0,,,1,,,,,,,,,,,,,,,,,,,,,
3,1,117,B 軽鉄下地 (壁),曲面壁,一般材,曲面壁 軽鉄下地 W=100 @150 R=1250,,1,円柱 軽鉄壁下地,100形 下地張りあり @450,,,m2,㎡,15.3,"1,440","7,950","22,032",4 Ⅳ旅客 民間ﾊ民専a.本館9金属工事,労務,"3,652",870,"7,160","55,876","13,311","109,548","3,652",870,"7,160",0,0,0,1,1,1,0,0,1,2040209,,1,"7,950","3,652",870,"7,160",,,,,1,,,0,0,0,0,,"55,876",441,"13,311",441,
3,1,118,B 軽鉄下地 (壁),壁開口,一般材,壁 開口補強 角ﾊﾟｲﾌﾟ □100×100 t=3.2,壁 開口補強 角ﾊﾟｲﾌﾟ □100×100 t=3.2,2,壁 開口補強 角ﾊﾟｲﾌﾟ □100×100 t=3.2 + 開口補強 角ﾊﾟｲﾌﾟ □100×100 t=3.2,補強材:2□-100×100×3.2 @3600,,,M,M,15.3,"19,300","19,300","295,290",,労務,"11,824","1,600","17,380","180,907","24,480","265,914","11,824","1,600","17,380",0,0,0,0,1,0,0,0,1,2132014,2132014,0,"9,650","5,912",800,"8,690","9,650","5,912",800,"8,690",1,,,0,0,0,0,,"180,907","5,906","24,480","5,906",
3,1,119,,,,,,0,,(5.0＜H≦7.0m),,,,,,,,,,,,,,,,,,,,0,0,0,0,1,0,0,0,0,,,1,,,,,,,,,,,,,,,,,,,,,
3,1,120,,,,,,0,,図A-2252準,,,,,,,,,,,,,,,,,,,,0,0,0,0,1,0,0,0,0,,,1,,,,,,,,,,,,,,,,,,,,,
3,1,121,B 軽鉄下地 (壁),壁開口,一般材,壁 開口補強 W=65,,1,軽鉄壁下地開口補強,65形用,,,ｍ,M,835,"1,050","1,050","876,750",4 Ⅳ旅客 民間ﾊ民専a.本館9金属工事,労務,483,250,950,"403,305","208,750","793,250",483,250,950,0,0,0,1,1,0,0,0,1,2130006,,1,"1,050",483,250,950,,,,,1,,,0,0,0,0,,"403,305","17,535","208,750","17,535",
3,1,122,B 軽鉄下地 (壁),壁開口,一般材,壁 開口補強 W=100,,2,軽鉄壁下地開口補強,100形用,,,ｍ,M,41.6,"1,300","1,300","54,080",4 Ⅳ旅客 民間ﾊ民専a.本館9金属工事,労務,620,290,"1,170","25,792","12,064","48,672",620,290,"1,170",0,0,0,1,1,0,0,0,1,2130009,,1,"1,300",620,290,"1,170",,,,,1,,,0,0,0,0,,"25,792","1,082","12,064","1,082",
3,1,123,,,,,,3,薄型二重壁工法,Wﾊﾞｰ 50×19 @450 ALC面,,,m2,,27,,,,4 Ⅳ旅客 民間ﾊ民専a.本館9金属工事,,,,,,,,,,,0,0,0,1,1,0,0,0,1,,,1,,,,,,,,,,,,,,,,,,,,0,
3,1,124,,,,,,0,,K-ﾜﾝ工法同等品,,,,,,,,,,,,,,,,,,,,0,0,0,0,1,0,0,0,0,,,1,,,,,,,,,,,,,,,,,,,,,
3,1,125,B 軽鉄下地 (壁),壁開口,一般材,壁 開口補強 C-100×45×15,,1,壁 軽鉄壁下地,C-100×50×20×2.3 @450,,,ｍ,M,72.2,880,"1,750","63,536",4 Ⅳ旅客 民間ﾊ民専a.本館9金属工事,労務,448,160,790,"32,346","11,552","57,038",896,320,"1,580",2,2,2,1,1,2,0,0,1,2130105,,1,"1,750",896,320,"1,580",,,,,1,,,880,448,160,790,,"32,346","1,271","11,552","1,271",
3,1,126,,,,,,0,,(屋根軒先),,,,,,,,,,,,,,,,,,,,0,0,0,0,1,0,0,0,0,,,1,,,,,,,,,,,,,,,,,,,,,
3,1,127,,,,,,0,,図A-1284,,,,,,,,,,,,,,,,,,,,0,0,0,0,1,0,0,0,0,,,1,,,,,,,,,,,,,,,,,,,,,
3,1,128,,,,,,1,＜間仕切＞,,,,,,,,,,,,,,,,,,,,,0,0,0,1,0,0,0,0,0,,,1,,,,,,,,,,,,,,,,,,,,,
3,1,129,B 軽鉄下地 (壁),壁,JIS材,壁 軽鉄下地 W=65 @455,,2,軽鉄壁下地,t=65 JIS規格 @450,,,m2,㎡,353,"2,100","2,100","741,300",4 Ⅳ旅客 民間ﾊ民専a.本館9金属工事,労務,"1,146",420,"1,890","404,538","148,260","667,170","1,146",420,"1,890",0,0,0,1,1,0,0,0,1,2010106,,1,"2,100","1,146",420,"1,890",,,,,1,,,0,0,0,0,,"404,538","14,826","148,260","14,826",
3,1,130,,,,,,0,,ｽｳｪｰ工法,,,,,,,,,,,,,,,,,,,,0,0,0,0,1,0,0,0,0,,,1,,,,,,,,,,,,,,,,,,,,,
3,1,131,B 軽鉄下地 (壁),壁,JIS材,壁 軽鉄下地 W=100 @455,,1,軽鉄壁下地,t=100 JIS規格 @450,,,m2,㎡,2318,"2,400","2,400","5,563,200",4 Ⅳ旅客 民間ﾊ民専a.本館9金属工事,労務,"1,350",440,"2,160","3,129,300","1,019,920","5,006,880","1,350",440,"2,160",0,0,0,1,1,0,0,0,1,2010109,,1,"2,400","1,350",440,"2,160",,,,,1,,,0,0,0,0,,"3,129,300","111,264","1,019,920","111,264",
3,1,132,,,,,,0,,ｽｳｪｰ工法,,,,,,,,,,,,,,,,,,,,0,0,0,0,1,0,0,0,0,,,1,,,,,,,,,,,,,,,,,,,,,
3,1,133,B 軽鉄下地 (壁),壁,JIS材,壁 軽鉄下地 W=100 @455,,1,軽鉄壁下地,t=100 JIS規格 @450,,,m2,㎡,3829,"2,400","2,400","9,189,600",4 Ⅳ旅客 民間ﾊ民専a.本館9金属工事,労務,"1,350",440,"2,160","5,169,150","1,684,760","8,270,640","1,350",440,"2,160",0,0,0,1,1,0,0,0,1,2010109,,1,"2,400","1,350",440,"2,160",,,,,1,,,0,0,0,0,,"5,169,150","183,792","1,684,760","183,792",
3,1,134,,,,,,0,,補強材:2□-100×100×3.2 @3600,,,,,,,,,,,,,,,,,,,,0,0,0,0,1,0,0,0,0,,,1,,,,,,,,,,,,,,,,,,,,,
3,1,135,,,,,,0,,ｽｳｪｰ工法,,,,,,,,,,,,,,,,,,,,0,0,0,0,1,0,0,0,0,,,1,,,,,,,,,,,,,,,,,,,,,
3,1,136,,,,,,0,,(5.0＜H≦7.0m),,,,,,,,,,,,,,,,,,,,0,0,0,0,1,0,0,0,0,,,1,,,,,,,,,,,,,,,,,,,,,
3,1,137,,,,,,0,,図A-2252準,,,,,,,,,,,,,,,,,,,,0,0,0,0,1,0,0,0,0,,,1,,,,,,,,,,,,,,,,,,,,,
3,1,138,B 軽鉄下地 (壁),曲面壁,JIS材,曲面壁 軽鉄下地 W=100 @225 R=2250,,1,軽鉄壁下地,t=100 JIS規格 @450,,,m2,㎡,71.1,"7,700","7,700","547,470",4 Ⅳ旅客 民間ﾊ民専a.本館9金属工事,労務,"3,631",770,"6,930","258,164","54,747","492,723","3,631",770,"6,930",0,0,0,1,1,0,0,0,1,2040109,,1,"7,700","3,631",770,"6,930",,,,,1,,,0,0,0,0,,"258,164","10,949","54,747","10,949",
3,1,139,,,,,,0,,補強材:2□-100×100×3.2 @3600,,,,,,,,,,,,,,,,,,,,0,0,0,1,1,0,0,0,0,,,1,,,,,,,,,,,,,,,,,,,,,
3,1,140,,,,,,0,,ｽｳｪｰ工法,,,,,,,,,,,,,,,,,,,,0,0,0,0,1,0,0,0,0,,,1,,,,,,,,,,,,,,,,,,,,,
3,1,141,,,,,,0,,(曲面加工),,,,,,,,,,,,,,,,,,,,0,0,0,0,1,0,0,0,0,,,1,,,,,,,,,,,,,,,,,,,,,
3,1,142,,,,,,0,,(5.0＜H≦7.0m),,,,,,,,,,,,,,,,,,,,0,0,0,0,1,0,0,0,0,,,1,,,,,,,,,,,,,,,,,,,,,
3,1,143,,,,,,0,,図A-2252準,,,,,,,,,,,,,,,,,,,,0,0,0,0,1,0,0,0,0,,,1,,,,,,,,,,,,,,,,,,,,,
3,1,144,B 軽鉄下地 (壁),壁開口,一般材,壁 開口補強 W=65,壁 開口補強 C-60×30×10,1,軽鉄壁下地 開口部補強,LGS65形用,,,ｍ,M,120,"2,300","2,300","276,000",4 Ⅳ旅客 民間ﾊ民専a.本館9金属工事,労務,"1,073",530,"2,080","128,760","63,600","249,600","1,073",530,"2,080",0,0,0,1,1,0,0,0,1,2130006,2130101,1,"1,050",483,250,950,"1,250",590,280,"1,130",1,,,0,0,0,0,,"128,760","5,520","63,600","5,520",
3,1,145,,,,,,0,,C-60×30×10×2.3,,,,,,,,,,,,,,,,,,,,0,0,0,0,1,0,0,0,0,,,1,,,,,,,,,,,,,,,,,,,,,
3,1,146,,,,,,0,,図A-1352C/10,,,,,,,,,,,,,,,,,,,,0,0,0,0,1,0,0,0,0,,,1,,,,,,,,,,,,,,,,,,,,,
3,1,147,B 軽鉄下地 (壁),壁開口,一般材,壁 開口補強 W=100,壁 開口補強 C-75×45×15,1,軽鉄壁下地 開口部補強,LGS100形用,,,ｍ,M,1110,"2,800","2,800","3,108,000",4 Ⅳ旅客 民間ﾊ民専a.本館9金属工事,労務,"1,377",580,"2,520","1,528,470","643,800","2,797,200","1,377",580,"2,520",0,0,0,1,1,0,0,0,1,2130009,2130103,1,"1,300",620,290,"1,170","1,500",757,290,"1,350",1,,,0,0,0,0,,"1,528,470","62,160","643,800","62,160",
3,1,148,,,,,,0,,2C-75ｘ45ｘ15ｘ2.3,,,,,,,,,,,,,,,,,,,,0,0,0,0,1,0,0,0,0,,,1,,,,,,,,,,,,,,,,,,,,,
3,1,149,,,,,,0,,図A-1352C/10,,,,,,,,,,,,,,,,,,,,0,0,0,0,1,0,0,0,0,,,1,,,,,,,,,,,,,,,,,,,,,
3,1,150,,,,,,1,＜天井＞,,,,,,,,,,,,,,,,,,,,,0,0,0,1,0,0,0,0,0,,,1,,,,,,,,,,,,,,,,,,,,,
3,1,151,A 軽鉄下地 (天井),天井,一般材,天井 軽鉄下地 @364,ﾌﾄｺﾛ H=1500以下,2,天井 軽鉄天井下地,19形 捨張,,,m2,㎡,21.9,"1,390","1,390","30,441",4 Ⅳ旅客 民間ﾊ民専a.本館9金属工事,労務,601,420,"1,260","13,162","9,198","27,594",601,420,"1,260",0,0,0,1,1,0,0,0,1,1010001,1130002,1,"1,250",534,400,"1,130",140,67,20,130,1,,,0,0,0,0,,"13,162",609,"9,198",609,
3,1,152,,,,,,0,,(岩綿吸音板t9+PBt9.5) @360,,,,,,,,,,,,,,,,,,,,0,0,0,0,1,0,0,0,0,,,1,,,,,,,,,,,,,,,,,,,,,
3,1,153,,,,,,0,,ﾌﾄｺﾛ 1.0≦H≦1.5,,,,,,,,,,,,,,,,,,,,0,0,0,0,1,0,0,0,0,,,1,,,,,,,,,,,,,,,,,,,,,
3,1,154,A 軽鉄下地 (天井),天井,一般材,天井 軽鉄下地 @364,ﾌﾄｺﾛ H=3000以下 (水平補強),1,天井 軽鉄天井下地,19形 捨張,,,m2,㎡,30.9,"2,750","2,750","84,975",4 Ⅳ旅客 民間ﾊ民専a.本館9金属工事,労務,"1,274",590,"2,480","39,367","18,231","76,632","1,274",590,"2,480",0,0,0,1,1,0,0,0,1,1010001,1130105,1,"1,250",534,400,"1,130","1,500",740,190,"1,350",1,,,0,0,0,0,,"39,367","1,700","18,231","1,700",
3,1,155,,,,,,0,,(岩綿吸音板t9+PBt9.5) @360,,,,,,,,,,,,,,,,,,,,0,0,0,0,1,0,0,0,0,,,1,,,,,,,,,,,,,,,,,,,,,
3,1,156,,,,,,0,,ﾌﾄｺﾛ 2.5≦H≦3.0,,,,,,,,,,,,,,,,,,,,0,0,0,0,1,0,0,0,0,,,1,,,,,,,,,,,,,,,,,,,,,
3,1,157,,,,,,0,,振止1段共,,,,,,,,,,,,,,,,,,,,0,0,0,0,1,0,0,0,0,,,1,,,,,,,,,,,,,,,,,,,,,
3,1,158,A 軽鉄下地 (天井),天井,一般材,天井 軽鉄下地 @227.5,ﾌﾄｺﾛ H=1500以下,1,天井 軽鉄天井下地,19形 直張(化粧PBt9.5) @225,,,m2,㎡,4.7,"1,640","1,640","7,708",4 Ⅳ旅客 民間ﾊ民専a.本館9金属工事,労務,762,450,"1,480","3,581","2,115","6,956",762,450,"1,480",0,0,0,1,1,0,0,0,1,1010004,1130002,1,"1,500",695,430,"1,350",140,67,20,130,1,,,0,0,0,0,,"3,581",154,"2,115",154,
3,1,159,,,,,,0,,ﾌﾄｺﾛ H≦1.5,,,,,,,,,,,,,,,,,,,,0,0,0,0,1,0,0,0,0,,,1,,,,,,,,,,,,,,,,,,,,,
3,1,160,A 軽鉄下地 (天井),天井,一般材,天井 軽鉄下地 @227.5,ﾌﾄｺﾛ H=2500以下 (水平補強),1,天井 軽鉄天井下地,19形 直張(化粧PBt9.5) @225,,,m2,㎡,3.9,"2,850","2,850","11,115",4 Ⅳ旅客 民間ﾊ民専a.本館9金属工事,労務,"1,350",610,"2,570","5,265","2,379","10,023","1,350",610,"2,570",0,0,0,1,1,0,0,0,1,1010004,1130104,1,"1,500",695,430,"1,350","1,350",655,180,"1,220",1,,,0,0,0,0,,"5,265",222,"2,379",222,
3,1,161,,,,,,0,,ﾌﾄｺﾛ 2.0≦H<2.5,,,,,,,,,,,,,,,,,,,,0,0,0,0,1,0,0,0,0,,,1,,,,,,,,,,,,,,,,,,,,,
3,1,162,,,,,,0,,振止1段共,,,,,,,,,,,,,,,,,,,,0,0,0,0,1,0,0,0,0,,,1,,,,,,,,,,,,,,,,,,,,,
3,1,163,A 軽鉄下地 (天井),天井,一般材,天井 軽鉄下地 @227.5,ﾌﾄｺﾛ H=3000以下 (水平補強),1,天井 軽鉄天井下地,19形 直張(化粧PBt9.5) @225,,,m2,㎡,16.9,"3,000","3,000","50,700",4 Ⅳ旅客 民間ﾊ民専a.本館9金属工事,労務,"1,435",620,"2,700","24,252","10,478","45,630","1,435",620,"2,700",0,0,0,1,1,0,0,0,1,1010004,1130105,1,"1,500",695,430,"1,350","1,500",740,190,"1,350",1,,,0,0,0,0,,"24,252","1,014","10,478","1,014",
3,1,164,,,,,,0,,ﾌﾄｺﾛ 2.5≦H<3.0,,,,,,,,,,,,,,,,,,,,0,0,0,0,1,0,0,0,0,,,1,,,,,,,,,,,,,,,,,,,,,
3,1,165,,,,,,0,,振止1段共,,,,,,,,,,,,,,,,,,,,0,0,0,0,1,0,0,0,0,,,1,,,,,,,,,,,,,,,,,,,,,
3,1,166,A 軽鉄下地 (天井),天井,一般材,天井 軽鉄下地 @227.5,ﾌﾄｺﾛ H=3500以下 (水平補強2段),1,天井 軽鉄天井下地,19形 直張(化粧PBt9.5) @225,,,m2,㎡,24.1,"3,850","3,850","92,785",4 Ⅳ旅客 民間ﾊ民専a.本館9金属工事,労務,"1,751",810,"3,470","42,199","19,521","83,627","1,751",810,"3,470",0,0,0,1,1,0,0,0,1,1010004,1130107,1,"1,500",695,430,"1,350","2,350","1,056",380,"2,120",1,,,0,0,0,0,,"42,199","1,856","19,521","1,856",
3,1,167,,,,,,0,,ﾌﾄｺﾛ 3.0≦H<3.5,,,,,,,,,,,,,,,,,,,,0,0,0,0,1,0,0,0,0,,,1,,,,,,,,,,,,,,,,,,,,,
3,1,168,,,,,,0,,振止2段共,,,,,,,,,,,,,,,,,,,,0,0,0,0,1,0,0,0,0,,,1,,,,,,,,,,,,,,,,,,,,,
3,1,169,A 軽鉄下地 (天井),天井,一般材,天井 軽鉄下地 @227.5,ﾌﾄｺﾛ H=4000以下 (水平補強2段),1,天井 軽鉄天井下地,19形 直張(化粧PBt9.5) @225,,,m2,㎡,2.5,"4,000","4,000","10,000",4 Ⅳ旅客 民間ﾊ民専a.本館9金属工事,労務,"1,820",860,"3,600","4,550","2,150","9,000","1,820",860,"3,600",0,0,0,1,1,0,0,0,1,1010004,1130108,1,"1,500",695,430,"1,350","2,500","1,125",430,"2,250",1,,,0,0,0,0,,"4,550",200,"2,150",200,
3,1,170,,,,,,0,,ﾌﾄｺﾛ 3.5≦H<4.0,,,,,,,,,,,,,,,,,,,,0,0,0,0,1,0,0,0,0,,,1,,,,,,,,,,,,,,,,,,,,,
3,1,171,,,,,,0,,振止2段共,,,,,,,,,,,,,,,,,,,,0,0,0,0,1,0,0,0,0,,,1,,,,,,,,,,,,,,,,,,,,,
3,1,172,A 軽鉄下地 (天井),天井開口,一般材,天井 軽鉄下地 開口補強 (M),,1,軽鉄天井下地開口補強,φ=220,,,か所,M,4836,920,"1,050","4,449,120",4 Ⅳ旅客 民間ﾊ民専a.本館9金属工事,労務,231,220,840,"1,117,116","1,063,920","4,062,240",262,250,950,2,2,2,1,1,2,0,0,1,1120001,,1,"1,050",262,250,950,,,,,1,,,920,231,220,840,,"1,117,116","88,982","1,063,920","88,982",
3,1,173,,,,,,0,,(電気設備用),,,,,,,,,,,,,,,,,,,,0,0,0,0,1,0,0,0,0,,,1,,,,,,,,,,,,,,,,,,,,,
3,1,174,A 軽鉄下地 (天井),天井開口,一般材,天井 軽鉄下地 開口補強 (M),,1,軽鉄天井下地開口補強,19形 1250×150,,,か所,M,907,"2,940","1,050","2,666,580",4 Ⅳ旅客 民間ﾊ民専a.本館9金属工事,労務,734,700,"2,660","665,738","634,900","2,412,620",262,250,950,2,2,2,1,1,2,0,0,1,1120001,,1,"1,050",262,250,950,,,,,1,,,"2,940",734,700,"2,660",,"665,738","53,332","634,900","53,332",
3,1,175,,,,,,0,,(電気設備用),,,,,,,,,,,,,,,,,,,,0,0,0,0,1,0,0,0,0,,,1,,,,,,,,,,,,,,,,,,,,,
3,1,176,A 軽鉄下地 (天井),天井開口,一般材,天井 軽鉄下地 開口補強 (M),,1,軽鉄天井下地開口補強,19形 1250×220,,,か所,M,1209,"3,090","1,050","3,735,810",4 Ⅳ旅客 民間ﾊ民専a.本館9金属工事,労務,770,740,"2,790","930,930","894,660","3,373,110",262,250,950,2,2,2,1,1,2,0,0,1,1120001,,1,"1,050",262,250,950,,,,,1,,,"3,090",770,740,"2,790",,"930,930","74,716","894,660","74,716",
3,1,177,,,,,,0,,(電気設備用),,,,,,,,,,,,,,,,,,,,0,0,0,0,1,0,0,0,0,,,1,,,,,,,,,,,,,,,,,,,,,
3,1,178,A 軽鉄下地 (天井),天井開口,一般材,天井 軽鉄下地 開口補強 (M),,1,軽鉄天井下地開口補強,19形 300×300,,,か所,M,168,"1,260","1,050","211,680",4 Ⅳ旅客 民間ﾊ民専a.本館9金属工事,労務,314,300,"1,140","52,752","50,400","191,520",262,250,950,2,2,2,1,1,2,0,0,1,1120001,,1,"1,050",262,250,950,,,,,1,,,"1,260",314,300,"1,140",,"52,752","4,234","50,400","4,234",
3,1,179,,,,,,0,,(機械設備用),,,,,,,,,,,,,,,,,,,,0,0,0,0,1,0,0,0,0,,,1,,,,,,,,,,,,,,,,,,,,,
3,1,180,A 軽鉄下地 (天井),天井開口,一般材,天井 軽鉄下地 開口補強 (M),,1,軽鉄天井下地開口補強,19形 400×400,,,か所,M,202,"1,680","1,050","339,360",4 Ⅳ旅客 民間ﾊ民専a.本館9金属工事,労務,419,400,"1,520","84,638","80,800","307,040",262,250,950,2,2,2,1,1,2,0,0,1,1120001,,1,"1,050",262,250,950,,,,,1,,,"1,680",419,400,"1,520",,"84,638","6,787","80,800","6,787",
3,1,181,,,,,,0,,(機械設備用),,,,,,,,,,,,,,,,,,,,0,0,0,0,1,0,0,0,0,,,1,,,,,,,,,,,,,,,,,,,,,
3,1,182,A 軽鉄下地 (天井),天井開口,一般材,天井 軽鉄下地 開口補強 (M),,1,軽鉄天井下地開口補強,19形 500×500,,,か所,M,234,"2,100","1,050","491,400",4 Ⅳ旅客 民間ﾊ民専a.本館9金属工事,労務,524,500,"1,900","122,616","117,000","444,600",262,250,950,2,2,2,1,1,2,0,0,1,1120001,,1,"1,050",262,250,950,,,,,1,,,"2,100",524,500,"1,900",,"122,616","9,828","117,000","9,828",
3,1,183,,,,,,0,,(機械設備用),,,,,,,,,,,,,,,,,,,,0,0,0,0,1,0,0,0,0,,,1,,,,,,,,,,,,,,,,,,,,,
3,1,184,A 軽鉄下地 (天井),天井開口,一般材,天井 軽鉄下地 開口補強 600×600,,1,軽鉄天井下地開口補強,19形 600×600,,,か所,ｹ所,6,"2,850","2,850","17,100",4 Ⅳ旅客 民間ﾊ民専a.本館9金属工事,労務,785,600,"2,570","4,710","3,600","15,420",785,600,"2,570",0,0,0,1,1,0,0,0,1,1120102,,1,"2,850",785,600,"2,570",,,,,1,,,0,0,0,0,,"4,710",342,"3,600",342,
3,1,185,,,,,,0,,(機械設備用),,,,,,,,,,,,,,,,,,,,0,0,0,0,1,0,0,0,0,,,1,,,,,,,,,,,,,,,,,,,,,
3,1,186,A 軽鉄下地 (天井),天井開口,一般材,天井 軽鉄下地 開口補強 (M),,1,軽鉄天井下地開口補強,19形 700×700,,,か所,M,56,"2,940","1,050","164,640",4 Ⅳ旅客 民間ﾊ民専a.本館9金属工事,労務,734,700,"2,660","41,104","39,200","148,960",262,250,950,2,2,2,1,1,2,0,0,1,1120001,,1,"1,050",262,250,950,,,,,1,,,"2,940",734,700,"2,660",,"41,104","3,293","39,200","3,293",
3,1,187,,,,,,0,,(機械設備用),,,,,,,,,,,,,,,,,,,,0,0,0,0,1,0,0,0,0,,,1,,,,,,,,,,,,,,,,,,,,,
3,1,188,A 軽鉄下地 (天井),天井開口,一般材,天井 軽鉄下地 開口補強 (M),,1,軽鉄天井下地開口補強,19形 800×800,,,か所,M,4,"3,360","1,050","13,440",4 Ⅳ旅客 民間ﾊ民専a.本館9金属工事,労務,838,800,"3,040","3,352","3,200","12,160",262,250,950,2,2,2,1,1,2,0,0,1,1120001,,1,"1,050",262,250,950,,,,,1,,,"3,360",838,800,"3,040",,"3,352",269,"3,200",269,
3,1,189,,,,,,0,,(機械設備用),,,,,,,,,,,,,,,,,,,,0,0,0,0,1,0,0,0,0,,,1,,,,,,,,,,,,,,,,,,,,,
3,1,190,A 軽鉄下地 (天井),天井開口,一般材,天井 軽鉄下地 開口補強 (M),,1,軽鉄天井下地開口補強,19形 900×900,,,か所,M,8,"3,360","1,050","26,880",4 Ⅳ旅客 民間ﾊ民専a.本館9金属工事,労務,838,800,"3,040","6,704","6,400","24,320",262,250,950,2,2,2,1,1,2,0,0,1,1120001,,1,"1,050",262,250,950,,,,,1,,,"3,360",838,800,"3,040",,"6,704",538,"6,400",538,
3,1,191,,,,,,0,,(機械設備用),,,,,,,,,,,,,,,,,,,,0,0,0,0,1,0,0,0,0,,,1,,,,,,,,,,,,,,,,,,,,,
3,1,192,A 軽鉄下地 (天井),天井開口,一般材,天井 軽鉄下地 開口補強 (M),,1,軽鉄天井下地開口補強,19形 1000×1000,,,か所,M,40,"4,200","1,050","168,000",4 Ⅳ旅客 民間ﾊ民専a.本館9金属工事,労務,"1,048","1,000","3,800","41,920","40,000","152,000",262,250,950,2,2,2,1,1,2,0,0,1,1120001,,1,"1,050",262,250,950,,,,,1,,,"4,200","1,048","1,000","3,800",,"41,920","3,360","40,000","3,360",
3,1,193,,,,,,0,,(機械設備用),,,,,,,,,,,,,,,,,,,,0,0,0,0,1,0,0,0,0,,,1,,,,,,,,,,,,,,,,,,,,,
3,1,194,A 軽鉄下地 (天井),天井開口,一般材,天井 軽鉄下地 開口補強 (M),,1,軽鉄天井下地開口補強,19形 1100×300,,,か所,M,118,"2,940","1,050","346,920",4 Ⅳ旅客 民間ﾊ民専a.本館9金属工事,労務,734,700,"2,660","86,612","82,600","313,880",262,250,950,2,2,2,1,1,2,0,0,1,1120001,,1,"1,050",262,250,950,,,,,1,,,"2,940",734,700,"2,660",,"86,612","6,938","82,600","6,938",
3,1,195,,,,,,0,,(機械設備用),,,,,,,,,,,,,,,,,,,,0,0,0,0,1,0,0,0,0,,,1,,,,,,,,,,,,,,,,,,,,,
3,1,196,A 軽鉄下地 (天井),天井開口,一般材,天井 軽鉄下地 開口補強 (M),,1,軽鉄天井下地開口補強,19形 2100×300,,,か所,M,520,"5,040","1,050","2,620,800",4 Ⅳ旅客 民間ﾊ民専a.本館9金属工事,労務,"1,258","1,200","4,560","654,160","624,000","2,371,200",262,250,950,2,2,2,1,1,2,0,0,1,1120001,,1,"1,050",262,250,950,,,,,1,,,"5,040","1,258","1,200","4,560",,"654,160","52,416","624,000","52,416",
3,1,197,,,,,,0,,(機械設備用),,,,,,,,,,,,,,,,,,,,0,0,0,0,1,0,0,0,0,,,1,,,,,,,,,,,,,,,,,,,,,
3,1,198,A 軽鉄下地 (天井),天井開口,一般材,天井 軽鉄下地 開口補強 (M),,1,軽鉄天井下地開口補強,19形 2100×600,,,か所,M,254,"5,670","1,050","1,440,180",4 Ⅳ旅客 民間ﾊ民専a.本館9金属工事,労務,"1,415","1,350","5,130","359,410","342,900","1,303,020",262,250,950,2,2,2,1,1,2,0,0,1,1120001,,1,"1,050",262,250,950,,,,,1,,,"5,670","1,415","1,350","5,130",,"359,410","28,804","342,900","28,804",
3,1,199,,,,,,0,,(機械設備用),,,,,,,,,,,,,,,,,,,,0,0,0,0,1,0,0,0,0,,,1,,,,,,,,,,,,,,,,,,,,,
3,1,200,A 軽鉄下地 (天井),天井開口,一般材,天井 軽鉄下地 開口補強 (M),,1,軽鉄天井下地開口補強,19形 2200×1200,,,か所,M,2,"7,140","1,050","14,280",4 Ⅳ旅客 民間ﾊ民専a.本館9金属工事,労務,"1,782","1,700","6,460","3,564","3,400","12,920",262,250,950,2,2,2,1,1,2,0,0,1,1120001,,1,"1,050",262,250,950,,,,,1,,,"7,140","1,782","1,700","6,460",,"3,564",286,"3,400",286,
3,1,201,,,,,,0,,(機械設備用),,,,,,,,,,,,,,,,,,,,0,0,0,0,1,0,0,0,0,,,1,,,,,,,,,,,,,,,,,,,,,
3,1,202,A 軽鉄下地 (天井),天井開口,一般材,天井 軽鉄下地 開口補強 (M),,1,軽鉄天井下地開口補強,19形 3000×2000,,,か所,M,100,"10,500","1,050","1,050,000",4 Ⅳ旅客 民間ﾊ民専a.本館9金属工事,労務,"2,620","2,500","9,500","262,000","250,000","950,000",262,250,950,2,2,2,1,1,2,0,0,1,1120001,,1,"1,050",262,250,950,,,,,1,,,"10,500","2,620","2,500","9,500",,"262,000","21,000","250,000","21,000",
3,1,203,,,,,,0,,(機械設備用),,,,,,,,,,,,,,,,,,,,0,0,0,0,1,0,0,0,0,,,1,,,,,,,,,,,,,,,,,,,,,
3,1,204,A 軽鉄下地 (天井),天井開口,一般材,天井 軽鉄下地 開口補強 (M),,1,軽鉄天井下地開口補強,19形 3100×300,,,か所,M,108,"7,140","1,050","771,120",4 Ⅳ旅客 民間ﾊ民専a.本館9金属工事,労務,"1,782","1,700","6,460","192,456","183,600","697,680",262,250,950,2,2,2,1,1,2,0,0,1,1120001,,1,"1,050",262,250,950,,,,,1,,,"7,140","1,782","1,700","6,460",,"192,456","15,422","183,600","15,422",
3,1,205,,,,,,0,,(機械設備用),,,,,,,,,,,,,,,,,,,,0,0,0,0,1,0,0,0,0,,,1,,,,,,,,,,,,,,,,,,,,,
3,1,206,A 軽鉄下地 (天井),天井開口,一般材,天井 軽鉄下地 開口補強 (M),,1,軽鉄天井下地開口補強,19形 5100×300,,,か所,M,22,"11,340","1,050","249,480",4 Ⅳ旅客 民間ﾊ民専a.本館9金属工事,労務,"2,830","2,700","10,260","62,260","59,400","225,720",262,250,950,2,2,2,1,1,2,0,0,1,1120001,,1,"1,050",262,250,950,,,,,1,,,"11,340","2,830","2,700","10,260",,"62,260","4,990","59,400","4,990",
3,1,207,,,,,,0,,(機械設備用),,,,,,,,,,,,,,,,,,,,0,0,0,0,1,0,0,0,0,,,1,,,,,,,,,,,,,,,,,,,,,
3,1,208,,,,,,1,【工区⑤　≪改修エリア≫】,,,,,,,,,,,,,,,,,,,,,0,0,0,1,0,0,0,0,0,,,1,,,,,,,,,,,,,,,,,,,,,
3,1,209,,,,,,2,≪官庁専有部≫,,,,,,,,,,,,,,,,,,,,,0,0,0,1,0,0,0,0,0,,,1,,,,,,,,,,,,,,,,,,,,,
3,1,210,,,,,,3,（内部）,,,,,,,,,,,,,,,,,,,,,0,0,0,1,0,0,0,0,0,,,1,,,,,,,,,,,,,,,,,,,,,
3,1,211,,,,,,4,＜壁＞,,,,,,,,,,,,,,,,,,,,,0,0,0,1,0,0,0,0,0,,,1,,,,,,,,,,,,,,,,,,,,,
3,1,212,B 軽鉄下地 (壁),壁,一般材,壁 軽鉄下地 W=65 @303,,5,壁 軽鉄壁下地,65形 直張り用 @300,,,m2,㎡,20.2,"2,100","2,100","42,420",5 Ⅴ旅客 官庁ｲ官専3.1.(4)金属工事,労務,"1,110",450,"1,890","22,422","9,090","38,178","1,110",450,"1,890",0,0,0,1,1,0,0,0,1,2010006,,1,"2,100","1,110",450,"1,890",,,,,1,,,0,0,0,0,,"22,422",848,"9,090",848,
3,1,213,,,,,,0,,(1F犬舎 胴縁),,,,,,,,,,,,,,,,,,,,0,0,0,0,1,0,0,0,0,,,1,,,,,,,,,,,,,,,,,,,,,
3,1,214,,,,,,0,,図A-3454/K2-6,,,,,,,,,,,,,,,,,,,,0,0,0,0,1,0,0,0,0,,,1,,,,,,,,,,,,,,,,,,,,,
3,1,215,B 軽鉄下地 (壁),壁,一般材,壁 軽鉄下地 W=65 @455,,1,壁 軽鉄壁下地,65形 下地張りあり @450,,,m2,㎡,114,"1,700","1,700","193,800",5 Ⅴ旅客 官庁ｲ官専3.1.(4)金属工事,労務,869,400,"1,530","99,066","45,600","174,420",869,400,"1,530",0,0,0,1,1,0,0,0,1,2010106,,1,"1,700",869,400,"1,530",,,,,1,,,0,0,0,0,,"99,066","3,876","45,600","3,876",
3,1,216,B 軽鉄下地 (壁),柱型,一般材,柱型 軽鉄下地 W=65 @455,,2,柱型 軽鉄壁下地,65形 下地張りあり @450,,,m2,㎡,70.4,"2,450","2,450","172,480",5 Ⅴ旅客 官庁ｲ官専3.1.(4)金属工事,労務,"1,224",480,"2,210","86,170","33,792","155,584","1,224",480,"2,210",0,0,0,1,1,0,0,0,1,2070106,,1,"2,450","1,224",480,"2,210",,,,,1,,,0,0,0,0,,"86,170","3,450","33,792","3,450",
3,1,217,B 軽鉄下地 (壁),曲面壁,一般材,曲面壁 軽鉄下地 W=65 @225 R=2250,,3,円柱 軽鉄壁下地,65形 下地張りあり @450,,,m2,㎡,85.7,"5,950","5,950","509,915",5 Ⅴ旅客 官庁ｲ官専3.1.(4)金属工事,労務,"2,680",710,"5,360","229,676","60,847","459,352","2,680",710,"5,360",0,0,0,1,1,0,0,0,1,2040106,,1,"5,950","2,680",710,"5,360",,,,,1,,,0,0,0,0,,"229,676","10,198","60,847","10,198",
3,1,218,B 軽鉄下地 (壁),壁,一般材,壁 軽鉄下地 W=100 @455,,4,壁 軽鉄壁下地,100形 下地張りあり @450,,,m2,㎡,17.3,"1,850","1,850","32,005",5 Ⅴ旅客 官庁ｲ官専3.1.(4)金属工事,労務,961,420,"1,670","16,625","7,266","28,891",961,420,"1,670",0,0,0,1,1,0,0,0,1,2010109,,1,"1,850",961,420,"1,670",,,,,1,,,0,0,0,0,,"16,625",640,"7,266",640,
3,1,219,B 軽鉄下地 (壁),壁,一般材,壁 軽鉄下地 W=100 @455,,5,壁 軽鉄壁下地,100形 下地張りあり @450,,,m2,㎡,35.8,"1,850","1,850","66,230",5 Ⅴ旅客 官庁ｲ官専3.1.(4)金属工事,労務,961,420,"1,670","34,404","15,036","59,786",961,420,"1,670",0,0,0,1,1,0,0,0,1,2010109,,1,"1,850",961,420,"1,670",,,,,1,,,0,0,0,0,,"34,404","1,325","15,036","1,325",
3,1,220,,,,,,0,,(扉等部分改修間仕切),,,,,,,,,,,,,,,,,,,,0,0,0,0,1,0,0,0,0,,,1,,,,,,,,,,,,,,,,,,,,,
3,1,221,B 軽鉄下地 (壁),壁開口,一般材,壁 開口補強 W=100,,1,軽鉄壁下地 開口部補強,100形用,,,ｍ,M,38.6,"1,300","1,300","50,180",5 Ⅴ旅客 官庁ｲ官専3.1.(4)金属工事,労務,620,290,"1,170","23,932","11,194","45,162",620,290,"1,170",0,0,0,1,1,0,0,0,1,2130009,,1,"1,300",620,290,"1,170",,,,,1,,,0,0,0,0,,"23,932","1,004","11,194","1,004",
3,1,222,,,,,,2,設備機器ﾗｲﾆﾝｸﾞ壁下地,C-100×50×20×2.3 @450,,,m2,,33.4,,,,5 Ⅴ旅客 官庁ｲ官専3.1.(4)金属工事,,,,,,,,,,,0,0,0,1,1,0,0,0,1,,,1,,,,,,,,,,,,,,,,,,,,0,
3,1,223,,,,,,0,,図A-3451/K1-6～8,,,,,,,,,,,,,,,,,,,,0,0,0,0,1,0,0,0,0,,,1,,,,,,,,,,,,,,,,,,,,,
3,1,224,,,,,,1,＜間仕切＞,,,,,,,,,,,,,,,,,,,,,0,0,0,1,0,0,0,0,0,,,1,,,,,,,,,,,,,,,,,,,,,
3,1,225,B 軽鉄下地 (壁),壁,JIS材,壁 軽鉄下地 W=65 @455,,2,軽鉄壁下地,t=65 JIS規格 @450,,,m2,㎡,75.1,"2,100","2,100","157,710",5 Ⅴ旅客 官庁ｲ官専3.1.(4)金属工事,労務,"1,146",420,"1,890","86,065","31,542","141,939","1,146",420,"1,890",0,0,0,1,1,0,0,0,1,2010106,,1,"2,100","1,146",420,"1,890",,,,,1,,,0,0,0,0,,"86,065","3,154","31,542","3,154",
3,1,226,B 軽鉄下地 (壁),壁,JIS材,壁 軽鉄下地 W=100 @455,,3,軽鉄壁下地,t=100 JIS規格 @450,,,m2,㎡,447,"2,400","2,400","1,072,800",5 Ⅴ旅客 官庁ｲ官専3.1.(4)金属工事,労務,"1,350",440,"2,160","603,450","196,680","965,520","1,350",440,"2,160",0,0,0,1,1,0,0,0,1,2010109,,1,"2,400","1,350",440,"2,160",,,,,1,,,0,0,0,0,,"603,450","21,456","196,680","21,456",
3,1,227,,,,,,0,,ｽｳｪｰ工法,,,,,,,,,,,,,,,,,,,,0,0,0,0,1,0,0,0,0,,,1,,,,,,,,,,,,,,,,,,,,,
3,1,228,B 軽鉄下地 (壁),壁,JIS材,壁 軽鉄下地 W=100 @455,,1,軽鉄壁下地,t=100 JIS規格 @450,,,m2,㎡,2559,"2,400","2,400","6,141,600",5 Ⅴ旅客 官庁ｲ官専3.1.(4)金属工事,労務,"1,350",440,"2,160","3,454,650","1,125,960","5,527,440","1,350",440,"2,160",0,0,0,1,1,0,0,0,1,2010109,,1,"2,400","1,350",440,"2,160",,,,,1,,,0,0,0,0,,"3,454,650","122,832","1,125,960","122,832",
3,1,229,,,,,,2,軽鉄壁下地,補強材:2□-100×100×3.2 @3600,,,m2,M,2559,,,,,,,,,,,,,,,0,0,0,1,1,0,0,0,1,,,0,,,,,,,,,,,,,,,,,,,,0,
3,1,230,,,,,,0,,ｽｳｪｰ工法,,,,,,,,,,,,,,,,,,,,0,0,0,0,1,0,0,0,0,,,1,,,,,,,,,,,,,,,,,,,,,
3,1,231,,,,,,0,,(5.0＜H≦7.0m),,,,,,,,,,,,,,,,,,,,0,0,0,0,1,0,0,0,0,,,1,,,,,,,,,,,,,,,,,,,,,
3,1,232,,,,,,0,,図A-2252準,,,,,,,,,,,,,,,,,,,,0,0,0,0,1,0,0,0,0,,,1,,,,,,,,,,,,,,,,,,,,,
3,1,233,B 軽鉄下地 (壁),壁開口,一般材,壁 開口補強 W=65,壁 開口補強 C-60×30×10,1,軽鉄壁下地 開口部補強,LGS65形用,,,ｍ,M,47.6,"2,300","2,300","109,480",5 Ⅴ旅客 官庁ｲ官専3.1.(4)金属工事,労務,"1,073",530,"2,080","51,075","25,228","99,008","1,073",530,"2,080",0,0,0,1,1,0,0,0,1,2130006,2130101,1,"1,050",483,250,950,"1,250",590,280,"1,130",1,,,0,0,0,0,,"51,075","2,190","25,228","2,190",
3,1,234,,,,,,0,,C-60×30×10×2.3,,,,,,,,,,,,,,,,,,,,0,0,0,0,1,0,0,0,0,,,1,,,,,,,,,,,,,,,,,,,,,
3,1,235,,,,,,0,,図A-1352C/10,,,,,,,,,,,,,,,,,,,,0,0,0,0,1,0,0,0,0,,,1,,,,,,,,,,,,,,,,,,,,,
3,1,236,,,,,,1,軽鉄壁下地 開口部補強,LGS100形用,,,ｍ,,936,,,,5 Ⅴ旅客 官庁ｲ官専3.1.(4)金属工事,,,,,,,,,,,0,0,0,1,1,0,0,0,1,,,1,,,,,,,,,,,,,,,,,,,,0,
3,1,237,,,,,,0,,2C-75×45×15×2.3,,,,,,,,,,,,,,,,,,,,0,0,0,0,1,0,0,0,0,,,1,,,,,,,,,,,,,,,,,,,,,
3,1,238,,,,,,0,,図A-1352C/10,,,,,,,,,,,,,,,,,,,,0,0,0,0,1,0,0,0,0,,,1,,,,,,,,,,,,,,,,,,,,,
3,1,239,,,,,,1,＜天井＞,,,,,,,,,,,,,,,,,,,,,0,0,0,1,0,0,0,0,0,,,1,,,,,,,,,,,,,,,,,,,,,
3,1,240,A 軽鉄下地 (天井),天井,一般材,天井 軽鉄下地 @364,ﾌﾄｺﾛ H=2000以下 (水平補強),2,天井 軽鉄天井下地,19形 捨張,,,m2,㎡,100,"2,300","2,300","230,000",5 Ⅴ旅客 官庁ｲ官専3.1.(4)金属工事,労務,"1,003",570,"2,080","100,300","57,000","208,000","1,003",570,"2,080",0,0,0,1,1,0,0,0,1,1010001,1130103,1,"1,250",534,400,"1,130","1,050",469,170,950,1,,,0,0,0,0,,"100,300","4,600","57,000","4,600",
3,1,241,,,,,,0,,(岩綿吸音板t9+PBt9.5) @360,,,,,,,,,,,,,,,,,,,,0,0,0,0,1,0,0,0,0,,,1,,,,,,,,,,,,,,,,,,,,,
3,1,242,,,,,,0,,ﾌﾄｺﾛ 1.5≦H<2.0,,,,,,,,,,,,,,,,,,,,0,0,0,0,1,0,0,0,0,,,1,,,,,,,,,,,,,,,,,,,,,
3,1,243,,,,,,0,,振止1段共,,,,,,,,,,,,,,,,,,,,0,0,0,0,1,0,0,0,0,,,1,,,,,,,,,,,,,,,,,,,,,
3,1,244,A 軽鉄下地 (天井),天井,一般材,天井 軽鉄下地 @364,ﾌﾄｺﾛ H=3000以下 (水平補強),1,天井 軽鉄天井下地,19形 捨張,,,m2,㎡,882,"2,750","2,750","2,425,500",5 Ⅴ旅客 官庁ｲ官専3.1.(4)金属工事,労務,"1,274",590,"2,480","1,123,668","520,380","2,187,360","1,274",590,"2,480",0,0,0,1,1,0,0,0,1,1010001,1130105,1,"1,250",534,400,"1,130","1,500",740,190,"1,350",1,,,0,0,0,0,,"1,123,668","48,510","520,380","48,510",
3,1,245,,,,,,0,,(岩綿吸音板t9+PBt9.5) @360,,,,,,,,,,,,,,,,,,,,0,0,0,0,1,0,0,0,0,,,1,,,,,,,,,,,,,,,,,,,,,
3,1,246,,,,,,0,,ﾌﾄｺﾛ 2.5≦H<3.0,,,,,,,,,,,,,,,,,,,,0,0,0,0,1,0,0,0,0,,,1,,,,,,,,,,,,,,,,,,,,,
3,1,247,,,,,,0,,振止1段共,,,,,,,,,,,,,,,,,,,,0,0,0,0,1,0,0,0,0,,,1,,,,,,,,,,,,,,,,,,,,,
3,1,248,A 軽鉄下地 (天井),天井,一般材,天井 軽鉄下地 @364,ﾌﾄｺﾛ H=3000以下 (水平補強),1,天井 軽鉄天井下地,19形 捨張,,,m2,㎡,139,"2,750","2,750","382,250",5 Ⅴ旅客 官庁ｲ官専3.1.(4)金属工事,労務,"1,274",590,"2,480","177,086","82,010","344,720","1,274",590,"2,480",0,0,0,1,1,0,0,0,1,1010001,1130105,1,"1,250",534,400,"1,130","1,500",740,190,"1,350",1,,,0,0,0,0,,"177,086","7,645","82,010","7,645",
3,1,249,,,,,,0,,(岩綿吸音板t9+PBt9.5) @360,,,,,,,,,,,,,,,,,,,,0,0,0,0,1,0,0,0,0,,,1,,,,,,,,,,,,,,,,,,,,,
3,1,250,,,,,,0,,ﾌﾄｺﾛ 2.5≦H<3.0,,,,,,,,,,,,,,,,,,,,0,0,0,0,1,0,0,0,0,,,1,,,,,,,,,,,,,,,,,,,,,
3,1,251,,,,,,0,,振止1段共,,,,,,,,,,,,,,,,,,,,0,0,0,0,1,0,0,0,0,,,1,,,,,,,,,,,,,,,,,,,,,
3,1,252,A 軽鉄下地 (天井),天井,一般材,天井 軽鉄下地 @364,ﾌﾄｺﾛ H=4000以下 (水平補強2段),1,天井 軽鉄天井下地,19形 捨張,,,m2,㎡,54.8,"3,750","3,750","205,500",5 Ⅴ旅客 官庁ｲ官専3.1.(4)金属工事,労務,"1,659",830,"3,380","90,913","45,484","185,224","1,659",830,"3,380",0,0,0,1,1,0,0,0,1,1010001,1130108,1,"1,250",534,400,"1,130","2,500","1,125",430,"2,250",1,,,0,0,0,0,,"90,913","4,110","45,484","4,110",
3,1,253,,,,,,0,,(岩綿吸音板t9+PBt9.5) @360,,,,,,,,,,,,,,,,,,,,0,0,0,0,1,0,0,0,0,,,1,,,,,,,,,,,,,,,,,,,,,
3,1,254,,,,,,0,,ﾌﾄｺﾛ 3.5≦H<4.0,,,,,,,,,,,,,,,,,,,,0,0,0,0,1,0,0,0,0,,,1,,,,,,,,,,,,,,,,,,,,,
3,1,255,,,,,,0,,振止2段共,,,,,,,,,,,,,,,,,,,,0,0,0,0,1,0,0,0,0,,,1,,,,,,,,,,,,,,,,,,,,,
3,1,256,A 軽鉄下地 (天井),天井,一般材,天井 軽鉄下地 @303-1820,ﾌﾄｺﾛ H=3000以下 (水平補強),1,天井 軽鉄天井下地,19形 直張(PBt12.5) @300,,,m2,㎡,318,"2,850","2,850","906,300",5 Ⅴ旅客 官庁ｲ官専3.1.(4)金属工事,労務,"1,318",590,"2,570","419,124","187,620","817,260","1,318",590,"2,570",0,0,0,1,1,0,0,0,1,1010002,1130105,1,"1,350",578,400,"1,220","1,500",740,190,"1,350",1,,,0,0,0,0,,"419,124","18,126","187,620","18,126",
3,1,257,,,,,,0,,ﾌﾄｺﾛ 2.5≦H<3.0,,,,,,,,,,,,,,,,,,,,0,0,0,0,1,0,0,0,0,,,1,,,,,,,,,,,,,,,,,,,,,
3,1,258,,,,,,0,,振止1段共,,,,,,,,,,,,,,,,,,,,0,0,0,0,1,0,0,0,0,,,1,,,,,,,,,,,,,,,,,,,,,
3,1,259,A 軽鉄下地 (天井),天井,一般材,天井 軽鉄下地 @227.5,ﾌﾄｺﾛ H=2000以下 (水平補強),1,天井 軽鉄天井下地,19形 直張(化粧PBt9.5) @225,,,m2,㎡,2395,"2,550","2,550","6,107,250",5 Ⅴ旅客 官庁ｲ官専3.1.(4)金属工事,労務,"1,164",600,"2,300","2,787,780","1,437,000","5,508,500","1,164",600,"2,300",0,0,0,1,1,0,0,0,1,1010004,1130103,1,"1,500",695,430,"1,350","1,050",469,170,950,1,,,0,0,0,0,,"2,787,780","122,145","1,437,000","122,145",
3,1,260,,,,,,0,,ﾌﾄｺﾛ 1.5≦H<2.0,,,,,,,,,,,,,,,,,,,,0,0,0,0,1,0,0,0,0,,,1,,,,,,,,,,,,,,,,,,,,,
3,1,261,,,,,,0,,振止1段共,,,,,,,,,,,,,,,,,,,,0,0,0,0,1,0,0,0,0,,,1,,,,,,,,,,,,,,,,,,,,,
3,1,262,A 軽鉄下地 (天井),天井,一般材,天井 軽鉄下地 @227.5,ﾌﾄｺﾛ H=4000以下 (水平補強2段),1,天井 軽鉄天井下地,19形 直張(化粧PBt9.5) @225,,,m2,㎡,129,"4,000","4,000","516,000",5 Ⅴ旅客 官庁ｲ官専3.1.(4)金属工事,労務,"1,820",860,"3,600","234,780","110,940","464,400","1,820",860,"3,600",0,0,0,1,1,0,0,0,1,1010004,1130108,1,"1,500",695,430,"1,350","2,500","1,125",430,"2,250",1,,,0,0,0,0,,"234,780","10,320","110,940","10,320",
3,1,263,,,,,,0,,ﾌﾄｺﾛ 3.5≦H<4.0,,,,,,,,,,,,,,,,,,,,0,0,0,0,1,0,0,0,0,,,1,,,,,,,,,,,,,,,,,,,,,
3,1,264,,,,,,0,,振止2段共,,,,,,,,,,,,,,,,,,,,0,0,0,0,1,0,0,0,0,,,1,,,,,,,,,,,,,,,,,,,,,
3,1,265,A 軽鉄下地 (天井),天井開口,一般材,天井 軽鉄下地 開口補強 (M),,1,軽鉄天井下地開口補強,19形 2000×2000,,,か所,M,15,"8,400","1,050","126,000",5 Ⅴ旅客 官庁ｲ官専3.1.(4)金属工事,労務,"2,096","2,000","7,600","31,440","30,000","114,000",262,250,950,2,2,2,1,1,2,0,0,1,1120001,,1,"1,050",262,250,950,,,,,1,,,"8,400","2,096","2,000","7,600",,"31,440","2,520","30,000","2,520",
3,1,266,,,,,,0,,(設備用),,,,,,,,,,,,,,,,,,,,0,0,0,0,1,0,0,0,0,,,1,,,,,,,,,,,,,,,,,,,,,
3,1,267,A 軽鉄下地 (天井),天井開口,一般材,天井 軽鉄下地 開口補強 (M),,1,軽鉄天井下地開口補強,19形 1200×1200,,,か所,M,40,"5,040","1,050","201,600",5 Ⅴ旅客 官庁ｲ官専3.1.(4)金属工事,労務,"1,258","1,200","4,560","50,320","48,000","182,400",262,250,950,2,2,2,1,1,2,0,0,1,1120001,,1,"1,050",262,250,950,,,,,1,,,"5,040","1,258","1,200","4,560",,"50,320","4,032","48,000","4,032",
3,1,268,,,,,,0,,(設備用),,,,,,,,,,,,,,,,,,,,0,0,0,0,1,0,0,0,0,,,1,,,,,,,,,,,,,,,,,,,,,
3,1,269,A 軽鉄下地 (天井),天井開口,一般材,天井 軽鉄下地 開口補強 (M),,1,軽鉄天井下地開口補強,19形 300×1500,,,か所,M,150,"3,780","1,050","567,000",5 Ⅴ旅客 官庁ｲ官専3.1.(4)金属工事,労務,943,900,"3,420","141,450","135,000","513,000",262,250,950,2,2,2,1,1,2,0,0,1,1120001,,1,"1,050",262,250,950,,,,,1,,,"3,780",943,900,"3,420",,"141,450","11,340","135,000","11,340",
3,1,270,,,,,,0,,(設備用),,,,,,,,,,,,,,,,,,,,0,0,0,0,1,0,0,0,0,,,1,,,,,,,,,,,,,,,,,,,,,
3,1,271,A 軽鉄下地 (天井),天井開口,一般材,天井 軽鉄下地 開口補強 (M),,1,軽鉄天井下地開口補強,19形 200×2000,,,か所,M,20,"4,620","1,050","92,400",5 Ⅴ旅客 官庁ｲ官専3.1.(4)金属工事,労務,"1,153","1,100","4,180","23,060","22,000","83,600",262,250,950,2,2,2,1,1,2,0,0,1,1120001,,1,"1,050",262,250,950,,,,,1,,,"4,620","1,153","1,100","4,180",,"23,060","1,848","22,000","1,848",
3,1,272,,,,,,0,,(設備用),,,,,,,,,,,,,,,,,,,,0,0,0,0,1,0,0,0,0,,,1,,,,,,,,,,,,,,,,,,,,,
3,1,273,A 軽鉄下地 (天井),天井開口,一般材,天井 軽鉄下地 開口補強 450×450,,1,軽鉄天井下地開口補強,19形 450×450,,,か所,ｹ所,210,"2,000","2,000","420,000",5 Ⅴ旅客 官庁ｲ官専3.1.(4)金属工事,労務,526,450,"1,800","110,460","94,500","378,000",526,450,"1,800",0,0,0,1,1,0,0,0,1,1120101,,1,"2,000",526,450,"1,800",,,,,1,,,0,0,0,0,,"110,460","8,400","94,500","8,400",
3,1,274,,,,,,0,,(建築用天井点検口),,,,,,,,,,,,,,,,,,,,0,0,0,0,1,0,0,0,0,,,1,,,,,,,,,,,,,,,,,,,,,
3,1,275,A 軽鉄下地 (天井),天井開口,一般材,天井 軽鉄下地 開口補強 600×600,,1,軽鉄天井下地開口補強,19形 600×600,,,か所,ｹ所,15,"2,850","2,850","42,750",5 Ⅴ旅客 官庁ｲ官専3.1.(4)金属工事,労務,785,600,"2,570","11,775","9,000","38,550",785,600,"2,570",0,0,0,1,1,0,0,0,1,1120102,,1,"2,850",785,600,"2,570",,,,,1,,,0,0,0,0,,"11,775",855,"9,000",855,
3,1,276,,,,,,0,,(建築用天井点検口),,,,,,,,,,,,,,,,,,,,0,0,0,0,1,0,0,0,0,,,1,,,,,,,,,,,,,,,,,,,,,
3,1,277,A 軽鉄下地 (天井),点検口,一般材,天井 ｱﾙﾐ点検口 額縁ﾀｲﾌﾟ 450×450,,1,天井点検口,ｱﾙﾐ ｱﾙﾏｲﾄ 450角 額縁ﾀｲﾌﾟ,,,か所,ｹ所,150,"4,500","4,500","675,000",5 Ⅴ旅客 官庁ｲ官専3.1.(4)金属工事,労務,"1,522","1,500","4,050","228,300","225,000","607,500","1,522","1,500","4,050",0,0,0,1,1,0,0,0,1,1181002,,1,"4,500","1,522","1,500","4,050",,,,,1,,,0,0,0,0,,"228,300","13,500","225,000","13,500",
3,1,278,A 軽鉄下地 (天井),点検口,一般材,天井 ｱﾙﾐ点検口 額縁ﾀｲﾌﾟ(鍵付) 450×450,,2,天井点検口,ｱﾙﾐ ｱﾙﾏｲﾄ 450角 額縁ﾀｲﾌﾟ 鍵付,,,か所,ｹ所,40,"7,650","7,650","306,000",5 Ⅴ旅客 官庁ｲ官専3.1.(4)金属工事,労務,"3,582","1,570","6,890","143,280","62,800","275,600","3,582","1,570","6,890",0,0,0,1,1,0,0,0,1,1181012,,1,"7,650","3,582","1,570","6,890",,,,,1,,,0,0,0,0,,"143,280","6,120","62,800","6,120",
3,1,279,A 軽鉄下地 (天井),点検口,一般材,天井 ｱﾙﾐ点検口 目地ﾀｲﾌﾟ 450×450,,3,天井点検口,ｱﾙﾐ ｱﾙﾏｲﾄ 450角 目地ﾀｲﾌﾟ,,,か所,ｹ所,10,"9,800","9,800","98,000",5 Ⅴ旅客 官庁ｲ官専3.1.(4)金属工事,労務,"4,097","2,500","8,820","40,970","25,000","88,200","4,097","2,500","8,820",0,0,0,1,1,0,0,0,1,1181102,,1,"9,800","4,097","2,500","8,820",,,,,1,,,0,0,0,0,,"40,970","1,960","25,000","1,960",
3,1,280,A 軽鉄下地 (天井),点検口,一般材,天井 ｱﾙﾐ点検口 目地ﾀｲﾌﾟ(鍵付) 450×450,,4,天井点検口,ｱﾙﾐ ｱﾙﾏｲﾄ 450角 目地ﾀｲﾌﾟ 鍵付,,,か所,ｹ所,10,"12,250","12,250","122,500",5 Ⅴ旅客 官庁ｲ官専3.1.(4)金属工事,労務,"5,642","2,620","11,030","56,420","26,200","110,300","5,642","2,620","11,030",0,0,0,1,1,0,0,0,1,1181112,,1,"12,250","5,642","2,620","11,030",,,,,1,,,0,0,0,0,,"56,420","2,450","26,200","2,450",
3,1,281,A 軽鉄下地 (天井),点検口,一般材,天井 ｱﾙﾐ点検口 額縁ﾀｲﾌﾟ 600×600,,5,天井点検口,ｱﾙﾐ ｱﾙﾏｲﾄ 600角 額縁ﾀｲﾌﾟ,,,か所,ｹ所,5,"7,550","7,550","37,750",5 Ⅴ旅客 官庁ｲ官専3.1.(4)金属工事,労務,"3,290","1,800","6,800","16,450","9,000","34,000","3,290","1,800","6,800",0,0,0,1,1,0,0,0,1,1181003,,1,"7,550","3,290","1,800","6,800",,,,,1,,,0,0,0,0,,"16,450",755,"9,000",755,
3,1,282,A 軽鉄下地 (天井),点検口,一般材,天井 ｱﾙﾐ点検口 額縁ﾀｲﾌﾟ(鍵付) 600×600,,6,天井点検口,ｱﾙﾐ ｱﾙﾏｲﾄ 600角 額縁ﾀｲﾌﾟ 鍵付,,,か所,ｹ所,10,"9,950","9,950","99,500",5 Ⅴ旅客 官庁ｲ官専3.1.(4)金属工事,労務,"4,835","1,890","8,960","48,350","18,900","89,600","4,835","1,890","8,960",0,0,0,1,1,0,0,0,1,1181013,,1,"9,950","4,835","1,890","8,960",,,,,1,,,0,0,0,0,,"48,350","1,990","18,900","1,990",
3,1,283,,,,,,0,,,,,,,,,,,,,,,,,,,,,,0,0,0,0,0,0,0,0,0,,,1,,,,,,,,,,,,,,,,,,,,,
3,1,284,,,,,,0,,,,,,,,,,,,,,,,,,,,,,0,0,0,0,0,0,0,0,0,,,1,,,,,,,,,,,,,,,,,,,,,
3,1,285,,,,,,1,≪民間専有部≫,,,,,,,,,,,,,,,,,,,,,0,0,0,1,0,0,0,0,0,,,1,,,,,,,,,,,,,,,,,,,,,
3,1,286,,,,,,2,(内部),,,,,,,,,,,,,,,,,,,,,0,0,0,1,0,0,0,0,0,,,1,,,,,,,,,,,,,,,,,,,,,
3,1,287,,,,,,3,＜壁＞,,,,,,,,,,,,,,,,,,,,,0,0,0,1,0,0,0,0,0,,,1,,,,,,,,,,,,,,,,,,,,,
3,1,288,B 軽鉄下地 (壁),壁,一般材,壁 軽鉄下地 W=65 @455,,4,壁 軽鉄壁下地,65形 下地張りあり @450,,,m2,㎡,33.8,"1,700","1,700","57,460",5 Ⅴ旅客 民間ﾊ民専3.1.(5)金属工事,労務,869,400,"1,530","29,372","13,520","51,714",869,400,"1,530",0,0,0,1,1,0,0,0,1,2010106,,1,"1,700",869,400,"1,530",,,,,1,,,0,0,0,0,,"29,372","1,149","13,520","1,149",
3,1,289,B 軽鉄下地 (壁),曲面壁,一般材,曲面壁 軽鉄下地 W=65 @225 R=2250,,5,円柱 軽鉄壁下地,65形 下地張りあり @450,,,m2,㎡,60.7,"5,950","5,950","361,165",5 Ⅴ旅客 民間ﾊ民専3.1.(5)金属工事,労務,"2,680",710,"5,360","162,676","43,097","325,352","2,680",710,"5,360",0,0,0,1,1,0,0,0,1,2040106,,1,"5,950","2,680",710,"5,360",,,,,1,,,0,0,0,0,,"162,676","7,223","43,097","7,223",
3,1,290,B 軽鉄下地 (壁),壁,一般材,壁 軽鉄下地 W=100 @455,,6,壁 軽鉄壁下地,100形 下地張りあり @450,,,m2,㎡,680,"1,850","1,850","1,258,000",5 Ⅴ旅客 民間ﾊ民専3.1.(5)金属工事,労務,961,420,"1,670","653,480","285,600","1,135,600",961,420,"1,670",0,0,0,1,1,0,0,0,1,2010109,,1,"1,850",961,420,"1,670",,,,,1,,,0,0,0,0,,"653,480","25,160","285,600","25,160",
3,1,291,B 軽鉄下地 (壁),壁,一般材,壁 軽鉄下地 W=100 @455,,7,壁 軽鉄壁下地,100形 下地張りあり @450,,,m2,㎡,12.2,"1,850","1,850","22,570",5 Ⅴ旅客 民間ﾊ民専3.1.(5)金属工事,労務,961,420,"1,670","11,724","5,124","20,374",961,420,"1,670",0,0,0,1,1,0,0,0,1,2010109,,1,"1,850",961,420,"1,670",,,,,1,,,0,0,0,0,,"11,724",451,"5,124",451,
3,1,292,,,,,,0,,(扉等部分改修間仕切),,,,,,,,,,,,,,,,,,,,0,0,0,0,1,0,0,0,0,,,1,,,,,,,,,,,,,,,,,,,,,
3,1,293,B 軽鉄下地 (壁),柱型,一般材,柱型 軽鉄下地 W=100 @455,,1,柱型 軽鉄壁下地,100形 下地張りあり @450,,,m2,㎡,23.5,"2,800","2,800","65,800",5 Ⅴ旅客 民間ﾊ民専3.1.(5)金属工事,労務,"1,444",500,"2,520","33,934","11,750","59,220","1,444",500,"2,520",0,0,0,1,1,0,0,0,1,2070109,,1,"2,800","1,444",500,"2,520",,,,,1,,,0,0,0,0,,"33,934","1,316","11,750","1,316",
3,1,294,B 軽鉄下地 (壁),壁,一般材,壁 軽鉄下地 W=100 @455,,2,壁 軽鉄壁下地,100形 下地張りあり @450,,,m2,㎡,370,"1,850","1,850","684,500",5 Ⅴ旅客 民間ﾊ民専3.1.(5)金属工事,労務,961,420,"1,670","355,570","155,400","617,900",961,420,"1,670",0,0,0,1,1,0,0,0,1,2010109,,1,"1,850",961,420,"1,670",,,,,1,,,0,0,0,0,,"355,570","13,690","155,400","13,690",
3,1,295,,,,,,0,,補強材:2□-100×100×3.2 @3600,,,,,,,,,,,,,,,,,,,,0,0,0,1,1,0,0,0,0,,,1,,,,,,,,,,,,,,,,,,,,,
3,1,296,,,,,,0,,(5.0＜H≦7.0m),,,,,,,,,,,,,,,,,,,,0,0,0,0,1,0,0,0,0,,,1,,,,,,,,,,,,,,,,,,,,,
3,1,297,,,,,,0,,図A-2252準,,,,,,,,,,,,,,,,,,,,0,0,0,0,1,0,0,0,0,,,1,,,,,,,,,,,,,,,,,,,,,
3,1,298,B 軽鉄下地 (壁),柱型,一般材,柱型 軽鉄下地 W=100 @455,,1,柱型 軽鉄壁下地,100形 下地張りあり @450,,,m2,㎡,11.3,"2,800","2,800","31,640",5 Ⅴ旅客 民間ﾊ民専3.1.(5)金属工事,労務,"1,444",500,"2,520","16,317","5,650","28,476","1,444",500,"2,520",0,0,0,1,1,0,0,0,1,2070109,,1,"2,800","1,444",500,"2,520",,,,,1,,,0,0,0,0,,"16,317",633,"5,650",633,
3,1,299,B 軽鉄下地 (壁),壁開口,一般材,壁 開口補強 角ﾊﾟｲﾌﾟ □100×100 t=3.2,壁 開口補強 角ﾊﾟｲﾌﾟ □100×100 t=3.2,2,1,補強材:2□-100×100×3.2 @3600,,,m2,M,11.3,"19,300","19,300","218,090",5 Ⅴ旅客 民間ﾊ民専3.1.(5)金属工事,労務,"11,824","1,600","17,380","133,611","18,080","196,394","11,824","1,600","17,380",0,0,0,1,1,0,0,0,1,2132014,2132014,1,"9,650","5,912",800,"8,690","9,650","5,912",800,"8,690",1,,,0,0,0,0,,"133,611","4,362","18,080","4,362",
3,1,300,,,,,,0,,(5.0＜H≦7.0m),,,,,,,,,,,,,,,,,,,,0,0,0,0,1,0,0,0,0,,,1,,,,,,,,,,,,,,,,,,,,,
3,1,301,,,,,,0,,図A-2252準,,,,,,,,,,,,,,,,,,,,0,0,0,0,1,0,0,0,0,,,1,,,,,,,,,,,,,,,,,,,,,
3,1,302,B 軽鉄下地 (壁),壁開口,一般材,壁 開口補強 W=100,,1,軽鉄壁下地 開口部補強,100形用,,,ｍ,M,14.2,"1,300","1,300","18,460",5 Ⅴ旅客 民間ﾊ民専3.1.(5)金属工事,労務,620,290,"1,170","8,804","4,118","16,614",620,290,"1,170",0,0,0,1,1,0,0,0,1,2130009,,1,"1,300",620,290,"1,170",,,,,1,,,0,0,0,0,,"8,804",369,"4,118",369,
3,1,303,,,,,,2,設備機器ﾗｲﾆﾝｸﾞ壁下地,C-100×50×20×2.3 @450,,,,,,,,,,,,,,,,,,,,0,0,0,1,1,0,0,0,0,,,1,,,,,,,,,,,,,,,,,,,,,
3,1,304,,,,,,0,,図A-3451/K1-6～8,,,,,,,,,,,,,,,,,,,,0,0,0,0,1,0,0,0,0,,,1,,,,,,,,,,,,,,,,,,,,,
3,1,305,,,,,,1,＜間仕切＞,,,,,,,,,,,,,,,,,,,,,0,0,0,1,0,0,0,0,0,,,1,,,,,,,,,,,,,,,,,,,,,
3,1,306,B 軽鉄下地 (壁),壁,JIS材,壁 軽鉄下地 W=65 @455,,2,軽鉄壁下地,t=65 JIS規格 @450,,,m2,㎡,85.5,"2,100","2,100","179,550",5 Ⅴ旅客 民間ﾊ民専3.1.(5)金属工事,労務,"1,146",420,"1,890","97,983","35,910","161,595","1,146",420,"1,890",0,0,0,1,1,0,0,0,1,2010106,,1,"2,100","1,146",420,"1,890",,,,,1,,,0,0,0,0,,"97,983","3,591","35,910","3,591",
3,1,307,B 軽鉄下地 (壁),壁,JIS材,壁 軽鉄下地 W=100 @455,,3,軽鉄壁下地,t=100 JIS規格 @450,,,m2,㎡,2229,"2,400","2,400","5,349,600",5 Ⅴ旅客 民間ﾊ民専3.1.(5)金属工事,労務,"1,350",440,"2,160","3,009,150","980,760","4,814,640","1,350",440,"2,160",0,0,0,1,1,0,0,0,1,2010109,,1,"2,400","1,350",440,"2,160",,,,,1,,,0,0,0,0,,"3,009,150","106,992","980,760","106,992",
3,1,308,,,,,,0,,ｽｳｪｰ工法,,,,,,,,,,,,,,,,,,,,0,0,0,0,1,0,0,0,0,,,1,,,,,,,,,,,,,,,,,,,,,
3,1,309,B 軽鉄下地 (壁),壁開口,一般材,壁 開口補強 W=65,壁 開口補強 C-60×30×10,1,軽鉄壁下地 開口部補強,LGS65形用,,,ｍ,M,30.2,"2,300","2,300","69,460",5 Ⅴ旅客 民間ﾊ民専3.1.(5)金属工事,労務,"1,073",530,"2,080","32,405","16,006","62,816","1,073",530,"2,080",0,0,0,1,1,0,0,0,1,2130006,2130101,1,"1,050",483,250,950,"1,250",590,280,"1,130",1,,,0,0,0,0,,"32,405","1,389","16,006","1,389",
3,1,310,,,,,,0,,C-60×30×10×2.3,,,,,,,,,,,,,,,,,,,,0,0,0,0,1,0,0,0,0,,,1,,,,,,,,,,,,,,,,,,,,,
3,1,311,,,,,,0,,図A-1352C/10,,,,,,,,,,,,,,,,,,,,0,0,0,0,1,0,0,0,0,,,1,,,,,,,,,,,,,,,,,,,,,
3,1,312,B 軽鉄下地 (壁),壁開口,一般材,壁 開口補強 W=100,壁 開口補強 2C-75×45×15,1,軽鉄壁下地 開口部補強,LGS100形用,,,ｍ,M,579,"1,300","1,300","752,700",5 Ⅴ旅客 民間ﾊ民専3.1.(5)金属工事,労務,620,290,"1,170","358,980","167,910","677,430",620,290,"1,170",0,0,0,1,1,0,0,0,1,2130009,2130106,1,"1,300",620,290,"1,170",,,,,1,,,0,0,0,0,,"358,980","15,054","167,910","15,054",
3,1,313,,,,,,0,,2C-75×45×15×2.3,,,,,,,,,,,,,,,,,,,,0,0,0,0,1,0,0,0,0,,,1,,,,,,,,,,,,,,,,,,,,,
3,1,314,,,,,,0,,図A-1352C/10,,,,,,,,,,,,,,,,,,,,0,0,0,0,1,0,0,0,0,,,1,,,,,,,,,,,,,,,,,,,,,
3,1,315,,,,,,1,＜天井＞,,,,,,,,,,,,,,,,,,,,,0,0,0,1,0,0,0,0,0,,,1,,,,,,,,,,,,,,,,,,,,,
3,1,316,A 軽鉄下地 (天井),天井,一般材,天井 軽鉄下地 @364,ﾌﾄｺﾛ H=2000以下 (水平補強),2,天井 軽鉄天井下地,19形 捨張(PBt9.5+12.5),,,m2,㎡,2.9,"2,300","2,300","6,670",5 Ⅴ旅客 民間ﾊ民専3.1.(5)金属工事,労務,"1,003",570,"2,080","2,909","1,653","6,032","1,003",570,"2,080",0,0,0,1,1,0,0,0,1,1010001,1130103,1,"1,250",534,400,"1,130","1,050",469,170,950,1,,,0,0,0,0,,"2,909",133,"1,653",133,
3,1,317,,,,,,0,,ﾌﾄｺﾛ 1.5≦H<2.0,,,,,,,,,,,,,,,,,,,,0,0,0,0,1,0,0,0,0,,,1,,,,,,,,,,,,,,,,,,,,,
3,1,318,,,,,,0,,振止1段共,,,,,,,,,,,,,,,,,,,,0,0,0,0,1,0,0,0,0,,,1,,,,,,,,,,,,,,,,,,,,,
3,1,319,A 軽鉄下地 (天井),天井,一般材,天井 軽鉄下地 @364,ﾌﾄｺﾛ H=2000以下 (水平補強),1,天井 軽鉄天井下地,19形 捨張,,,m2,㎡,2836,"2,300","2,300","6,522,800",5 Ⅴ旅客 民間ﾊ民専3.1.(5)金属工事,労務,"1,003",570,"2,080","2,844,508","1,616,520","5,898,880","1,003",570,"2,080",0,0,0,1,1,0,0,0,1,1010001,1130103,1,"1,250",534,400,"1,130","1,050",469,170,950,1,,,0,0,0,0,,"2,844,508","130,456","1,616,520","130,456",
3,1,320,,,,,,0,,(岩綿吸音板t9+PBt9.5) @360,,,,,,,,,,,,,,,,,,,,0,0,0,0,1,0,0,0,0,,,1,,,,,,,,,,,,,,,,,,,,,
3,1,321,,,,,,0,,ﾌﾄｺﾛ 1.5≦H<2.0,,,,,,,,,,,,,,,,,,,,0,0,0,0,1,0,0,0,0,,,1,,,,,,,,,,,,,,,,,,,,,
3,1,322,,,,,,0,,振止1段共,,,,,,,,,,,,,,,,,,,,0,0,0,0,1,0,0,0,0,,,1,,,,,,,,,,,,,,,,,,,,,
3,1,323,A 軽鉄下地 (天井),天井,一般材,天井 軽鉄下地 @364,ﾌﾄｺﾛ H=3000以下 (水平補強),1,天井 軽鉄天井下地,19形 捨張,,,m2,㎡,322,"2,750","2,750","885,500",5 Ⅴ旅客 民間ﾊ民専3.1.(5)金属工事,労務,"1,274",590,"2,480","410,228","189,980","798,560","1,274",590,"2,480",0,0,0,1,1,0,0,0,1,1010001,1130105,1,"1,250",534,400,"1,130","1,500",740,190,"1,350",1,,,0,0,0,0,,"410,228","17,710","189,980","17,710",
3,1,324,,,,,,0,,(岩綿吸音板t9+PBt9.5) @360,,,,,,,,,,,,,,,,,,,,0,0,0,0,1,0,0,0,0,,,1,,,,,,,,,,,,,,,,,,,,,
3,1,325,,,,,,0,,ﾌﾄｺﾛ 2.5≦H<3.0,,,,,,,,,,,,,,,,,,,,0,0,0,0,1,0,0,0,0,,,1,,,,,,,,,,,,,,,,,,,,,
3,1,326,,,,,,0,,振止1段共,,,,,,,,,,,,,,,,,,,,0,0,0,0,1,0,0,0,0,,,1,,,,,,,,,,,,,,,,,,,,,
3,1,327,A 軽鉄下地 (天井),天井,一般材,天井 軽鉄下地 @364,ﾌﾄｺﾛ H=3500以下 (水平補強2段),1,天井 軽鉄天井下地,19形 捨張,,,m2,㎡,205,"3,600","3,600","738,000",5 Ⅴ旅客 民間ﾊ民専3.1.(5)金属工事,労務,"1,590",780,"3,250","325,950","159,900","666,250","1,590",780,"3,250",0,0,0,1,1,0,0,0,1,1010001,1130107,1,"1,250",534,400,"1,130","2,350","1,056",380,"2,120",1,,,0,0,0,0,,"325,950","14,760","159,900","14,760",
3,1,328,,,,,,0,,(岩綿吸音板t9+PBt9.5) @360,,,,,,,,,,,,,,,,,,,,0,0,0,0,1,0,0,0,0,,,1,,,,,,,,,,,,,,,,,,,,,
3,1,329,,,,,,0,,ﾌﾄｺﾛ 2.5≦H<3.0,,,,,,,,,,,,,,,,,,,,0,0,0,0,1,0,0,0,0,,,1,,,,,,,,,,,,,,,,,,,,,
3,1,330,,,,,,0,,振止2段共,,,,,,,,,,,,,,,,,,,,0,0,0,0,1,0,0,0,0,,,1,,,,,,,,,,,,,,,,,,,,,
3,1,331,A 軽鉄下地 (天井),天井,一般材,天井 軽鉄下地 @364,ﾌﾄｺﾛ H=4000以下 (水平補強2段),1,天井 軽鉄天井下地,19形 捨張,,,m2,㎡,747,"3,750","3,750","2,801,250",5 Ⅴ旅客 民間ﾊ民専3.1.(5)金属工事,労務,"1,659",830,"3,380","1,239,273","620,010","2,524,860","1,659",830,"3,380",0,0,0,1,1,0,0,0,1,1010001,1130108,1,"1,250",534,400,"1,130","2,500","1,125",430,"2,250",1,,,0,0,0,0,,"1,239,273","56,025","620,010","56,025",
3,1,332,,,,,,0,,(岩綿吸音板t9+PBt9.5) @360,,,,,,,,,,,,,,,,,,,,0,0,0,0,1,0,0,0,0,,,1,,,,,,,,,,,,,,,,,,,,,
3,1,333,,,,,,0,,ﾌﾄｺﾛ 3.5≦H<4.0,,,,,,,,,,,,,,,,,,,,0,0,0,0,1,0,0,0,0,,,1,,,,,,,,,,,,,,,,,,,,,
3,1,334,,,,,,0,,振止2段共,,,,,,,,,,,,,,,,,,,,0,0,0,0,1,0,0,0,0,,,1,,,,,,,,,,,,,,,,,,,,,
3,1,335,A 軽鉄下地 (天井),天井,一般材,天井 軽鉄下地 @364,ﾌﾄｺﾛ H=3000以下 (水平補強),1,天井 軽鉄天井下地,19形 捨張,,,m2,㎡,48.7,"2,750","2,750","133,925",5 Ⅴ旅客 民間ﾊ民専3.1.(5)金属工事,労務,"1,274",590,"2,480","62,044","28,733","120,776","1,274",590,"2,480",0,0,0,1,1,0,0,0,1,1010001,1130105,1,"1,250",534,400,"1,130","1,500",740,190,"1,350",1,,,0,0,0,0,,"62,044","2,679","28,733","2,679",
3,1,336,,,,,,0,,(化粧ｹｲｶﾙt6+PBt9.5) @360,,,,,,,,,,,,,,,,,,,,0,0,0,0,1,0,0,0,0,,,1,,,,,,,,,,,,,,,,,,,,,
3,1,337,,,,,,0,,ﾌﾄｺﾛ 2.5≦H<3.0,,,,,,,,,,,,,,,,,,,,0,0,0,0,1,0,0,0,0,,,1,,,,,,,,,,,,,,,,,,,,,
3,1,338,A 軽鉄下地 (天井),天井,一般材,天井 軽鉄下地 @364,ﾌﾄｺﾛ H=4000以下 (水平補強2段),1,天井 軽鉄天井下地,19形 捨張,,,m2,㎡,12.1,"3,750","3,750","45,375",5 Ⅴ旅客 民間ﾊ民専3.1.(5)金属工事,労務,"1,659",830,"3,380","20,074","10,043","40,898","1,659",830,"3,380",0,0,0,1,1,0,0,0,1,1010001,1130108,1,"1,250",534,400,"1,130","2,500","1,125",430,"2,250",1,,,0,0,0,0,,"20,074",908,"10,043",908,
3,1,339,,,,,,0,,(化粧ｹｲｶﾙt6+PBt9.5) @360,,,,,,,,,,,,,,,,,,,,0,0,0,0,1,0,0,0,0,,,1,,,,,,,,,,,,,,,,,,,,,
3,1,340,,,,,,0,,ﾌﾄｺﾛ 3.5≦H<4.0,,,,,,,,,,,,,,,,,,,,0,0,0,0,1,0,0,0,0,,,1,,,,,,,,,,,,,,,,,,,,,
3,1,341,A 軽鉄下地 (天井),天井,一般材,天井 軽鉄下地 @227.5,ﾌﾄｺﾛ H=2000以下 (水平補強),1,天井 軽鉄天井下地,19形 直張(化粧PBt9.5) @225,,,m2,㎡,973,"2,550","2,550","2,481,150",5 Ⅴ旅客 民間ﾊ民専3.1.(5)金属工事,労務,"1,164",600,"2,300","1,132,572","583,800","2,237,900","1,164",600,"2,300",0,0,0,1,1,0,0,0,1,1010004,1130103,1,"1,500",695,430,"1,350","1,050",469,170,950,1,,,0,0,0,0,,"1,132,572","49,623","583,800","49,623",
3,1,342,,,,,,0,,ﾌﾄｺﾛ 1.5≦H<2.0,,,,,,,,,,,,,,,,,,,,0,0,0,0,1,0,0,0,0,,,1,,,,,,,,,,,,,,,,,,,,,
3,1,343,,,,,,0,,振止1段共,,,,,,,,,,,,,,,,,,,,0,0,0,0,1,0,0,0,0,,,1,,,,,,,,,,,,,,,,,,,,,
3,1,344,A 軽鉄下地 (天井),天井,一般材,天井 軽鉄下地 @227.5,ﾌﾄｺﾛ H=2500以下 (水平補強),1,天井 軽鉄天井下地,19形 直張(化粧PBt9.5) @225,,,m2,㎡,160,"2,850","2,850","456,000",5 Ⅴ旅客 民間ﾊ民専3.1.(5)金属工事,労務,"1,350",610,"2,570","216,000","97,600","411,200","1,350",610,"2,570",0,0,0,1,1,0,0,0,1,1010004,1130104,1,"1,500",695,430,"1,350","1,350",655,180,"1,220",1,,,0,0,0,0,,"216,000","9,120","97,600","9,120",
3,1,345,,,,,,0,,ﾌﾄｺﾛ 2.0≦H<2.5,,,,,,,,,,,,,,,,,,,,0,0,0,0,1,0,0,0,0,,,1,,,,,,,,,,,,,,,,,,,,,
3,1,346,,,,,,0,,振止1段共,,,,,,,,,,,,,,,,,,,,0,0,0,0,1,0,0,0,0,,,1,,,,,,,,,,,,,,,,,,,,,
3,1,347,A 軽鉄下地 (天井),天井,一般材,天井 軽鉄下地 @227.5,ﾌﾄｺﾛ H=4000以下 (水平補強2段),1,天井 軽鉄天井下地,19形 直張(化粧PBt9.5) @225,,,m2,㎡,317,"4,000","4,000","1,268,000",5 Ⅴ旅客 民間ﾊ民専3.1.(5)金属工事,労務,"1,820",860,"3,600","576,940","272,620","1,141,200","1,820",860,"3,600",0,0,0,1,1,0,0,0,1,1010004,1130108,1,"1,500",695,430,"1,350","2,500","1,125",430,"2,250",1,,,0,0,0,0,,"576,940","25,360","272,620","25,360",
3,1,348,,,,,,0,,ﾌﾄｺﾛ 3.5≦H<4.0,,,,,,,,,,,,,,,,,,,,0,0,0,0,1,0,0,0,0,,,1,,,,,,,,,,,,,,,,,,,,,
3,1,349,,,,,,0,,振止2段共,,,,,,,,,,,,,,,,,,,,0,0,0,0,1,0,0,0,0,,,1,,,,,,,,,,,,,,,,,,,,,
3,1,350,A 軽鉄下地 (天井),天井,一般材,天井 軽鉄下地 @227.5,ﾌﾄｺﾛ H=5000以下 (水平補強2段),1,天井 軽鉄天井下地,19形 直張(化粧PBt9.5) @225,,,m2,㎡,8.5,"4,750","4,750","40,375",5 Ⅴ旅客 民間ﾊ民専3.1.(5)金属工事,労務,"2,039","1,080","4,280","17,332","9,180","36,380","2,039","1,080","4,280",0,0,0,1,1,0,0,0,1,1010004,1130109,1,"1,500",695,430,"1,350","3,250","1,344",650,"2,930",1,,,0,0,0,0,,"17,332",808,"9,180",808,
3,1,351,,,,,,0,,ﾌﾄｺﾛ 4.0≦H<4.5,,,,,,,,,,,,,,,,,,,,0,0,0,0,1,0,0,0,0,,,1,,,,,,,,,,,,,,,,,,,,,
3,1,352,,,,,,0,,振止2段共,,,,,,,,,,,,,,,,,,,,0,0,0,0,1,0,0,0,0,,,1,,,,,,,,,,,,,,,,,,,,,
3,1,353,A 軽鉄下地 (天井),間接照明,一般材,間接照明 軽鉄下地 H=350 W=350 (M),,1,WC間接照明 軽鉄天井下地,19形 捨張(PBt9.5+9.5),,,ｍ,M,30.1,"3,250","3,250","97,825",5 Ⅴ旅客 民間ﾊ民専3.1.(5)金属工事,労務,652,"1,250","2,930","19,625","37,625","88,193",652,"1,250","2,930",0,0,0,1,1,0,0,0,1,1170001,,1,"3,250",652,"1,250","2,930",,,,,1,,,0,0,0,0,,"19,625","1,957","37,625","1,957",
3,1,354,,,,,,0,,W300×H195 L型 糸=495,,,,,,,,,,,,,,,,,,,,0,0,0,0,1,0,0,0,0,,,1,,,,,,,,,,,,,,,,,,,,,
3,1,355,A 軽鉄下地 (天井),天井開口,一般材,天井 軽鉄下地 開口補強 600×600,,1,軽鉄天井下地開口補強,19形 600×600,,,か所,ｹ所,261,"2,850","2,850","743,850",5 Ⅴ旅客 民間ﾊ民専3.1.(5)金属工事,労務,785,600,"2,570","204,885","156,600","670,770",785,600,"2,570",0,0,0,1,1,0,0,0,1,1120102,,1,"2,850",785,600,"2,570",,,,,1,,,0,0,0,0,,"204,885","14,877","156,600","14,877",
3,1,356,,,,,,0,,(建築用天井点検口),,,,,,,,,,,,,,,,,,,,0,0,0,0,1,0,0,0,0,,,1,,,,,,,,,,,,,,,,,,,,,
3,1,357,A 軽鉄下地 (天井),天井開口,一般材,天井 軽鉄下地 開口補強 (M),,1,軽鉄天井下地開口補強,φ=220,,,か所,M,2471,920,"1,050","2,273,320",5 Ⅴ旅客 民間ﾊ民専3.1.(5)金属工事,労務,231,220,840,"570,801","543,620","2,075,640",262,250,950,2,2,2,1,1,2,0,0,1,1120001,,1,"1,050",262,250,950,,,,,1,,,920,231,220,840,,"570,801","45,466","543,620","45,466",
3,1,358,,,,,,0,,(電気設備用),,,,,,,,,,,,,,,,,,,,0,0,0,0,1,0,0,0,0,,,1,,,,,,,,,,,,,,,,,,,,,
3,1,359,A 軽鉄下地 (天井),天井開口,一般材,天井 軽鉄下地 開口補強 (M),,1,軽鉄天井下地開口補強,19形 1250×150,,,か所,M,463,"2,940","1,050","1,361,220",5 Ⅴ旅客 民間ﾊ民専3.1.(5)金属工事,労務,734,700,"2,660","339,842","324,100","1,231,580",262,250,950,2,2,2,1,1,2,0,0,1,1120001,,1,"1,050",262,250,950,,,,,1,,,"2,940",734,700,"2,660",,"339,842","27,224","324,100","27,224",
3,1,360,,,,,,0,,(電気設備用),,,,,,,,,,,,,,,,,,,,0,0,0,0,1,0,0,0,0,,,1,,,,,,,,,,,,,,,,,,,,,
3,1,361,A 軽鉄下地 (天井),天井開口,一般材,天井 軽鉄下地 開口補強 (M),,1,軽鉄天井下地開口補強,19形 1250×220,,,か所,M,618,"3,090","1,050","1,909,620",5 Ⅴ旅客 民間ﾊ民専3.1.(5)金属工事,労務,770,740,"2,790","475,860","457,320","1,724,220",262,250,950,2,2,2,1,1,2,0,0,1,1120001,,1,"1,050",262,250,950,,,,,1,,,"3,090",770,740,"2,790",,"475,860","38,192","457,320","38,192",
3,1,362,,,,,,0,,(電気設備用),,,,,,,,,,,,,,,,,,,,0,0,0,0,1,0,0,0,0,,,1,,,,,,,,,,,,,,,,,,,,,
3,1,363,A 軽鉄下地 (天井),天井開口,一般材,天井 軽鉄下地 開口補強 (M),,1,軽鉄天井下地開口補強,19形 300×300,,,か所,M,92,"1,260","1,050","115,920",5 Ⅴ旅客 民間ﾊ民専3.1.(5)金属工事,労務,314,300,"1,140","28,888","27,600","104,880",262,250,950,2,2,2,1,1,2,0,0,1,1120001,,1,"1,050",262,250,950,,,,,1,,,"1,260",314,300,"1,140",,"28,888","2,318","27,600","2,318",
3,1,364,,,,,,0,,(機械設備用),,,,,,,,,,,,,,,,,,,,0,0,0,0,1,0,0,0,0,,,1,,,,,,,,,,,,,,,,,,,,,
3,1,365,A 軽鉄下地 (天井),天井開口,一般材,天井 軽鉄下地 開口補強 (M),,1,軽鉄天井下地開口補強,19形 400×400,,,か所,M,56,"1,680","1,050","94,080",5 Ⅴ旅客 民間ﾊ民専3.1.(5)金属工事,労務,419,400,"1,520","23,464","22,400","85,120",262,250,950,2,2,2,1,1,2,0,0,1,1120001,,1,"1,050",262,250,950,,,,,1,,,"1,680",419,400,"1,520",,"23,464","1,882","22,400","1,882",
3,1,366,,,,,,0,,(機械設備用),,,,,,,,,,,,,,,,,,,,0,0,0,0,1,0,0,0,0,,,1,,,,,,,,,,,,,,,,,,,,,
3,1,367,A 軽鉄下地 (天井),天井開口,一般材,天井 軽鉄下地 開口補強 (M),,1,軽鉄天井下地開口補強,19形 500×500,,,か所,M,110,"2,100","1,050","231,000",5 Ⅴ旅客 民間ﾊ民専3.1.(5)金属工事,労務,524,500,"1,900","57,640","55,000","209,000",262,250,950,2,2,2,1,1,2,0,0,1,1120001,,1,"1,050",262,250,950,,,,,1,,,"2,100",524,500,"1,900",,"57,640","4,620","55,000","4,620",
3,1,368,,,,,,0,,(機械設備用),,,,,,,,,,,,,,,,,,,,0,0,0,0,1,0,0,0,0,,,1,,,,,,,,,,,,,,,,,,,,,
3,1,369,A 軽鉄下地 (天井),天井開口,一般材,天井 軽鉄下地 開口補強 600×600,,1,軽鉄天井下地開口補強,19形 600×600,,,か所,ｹ所,108,"2,850","2,850","307,800",5 Ⅴ旅客 民間ﾊ民専3.1.(5)金属工事,労務,785,600,"2,570","84,780","64,800","277,560",785,600,"2,570",0,0,0,1,1,0,0,0,1,1120102,,1,"2,850",785,600,"2,570",,,,,1,,,0,0,0,0,,"84,780","6,156","64,800","6,156",
3,1,370,,,,,,0,,(機械設備用),,,,,,,,,,,,,,,,,,,,0,0,0,0,1,0,0,0,0,,,1,,,,,,,,,,,,,,,,,,,,,
3,1,371,A 軽鉄下地 (天井),天井開口,一般材,天井 軽鉄下地 開口補強 (M),,1,軽鉄天井下地開口補強,19形 700×700,,,か所,M,58,"2,940","1,050","170,520",5 Ⅴ旅客 民間ﾊ民専3.1.(5)金属工事,労務,734,700,"2,660","42,572","40,600","154,280",262,250,950,2,2,2,1,1,2,0,0,1,1120001,,1,"1,050",262,250,950,,,,,1,,,"2,940",734,700,"2,660",,"42,572","3,410","40,600","3,410",
3,1,372,,,,,,0,,(機械設備用),,,,,,,,,,,,,,,,,,,,0,0,0,0,1,0,0,0,0,,,1,,,,,,,,,,,,,,,,,,,,,
3,1,373,A 軽鉄下地 (天井),天井開口,一般材,天井 軽鉄下地 開口補強 (M),,1,軽鉄天井下地開口補強,19形 800×800,,,か所,M,4,"3,360","1,050","13,440",5 Ⅴ旅客 民間ﾊ民専3.1.(5)金属工事,労務,838,800,"3,040","3,352","3,200","12,160",262,250,950,2,2,2,1,1,2,0,0,1,1120001,,1,"1,050",262,250,950,,,,,1,,,"3,360",838,800,"3,040",,"3,352",269,"3,200",269,
3,1,374,,,,,,0,,(機械設備用),,,,,,,,,,,,,,,,,,,,0,0,0,0,1,0,0,0,0,,,1,,,,,,,,,,,,,,,,,,,,,
3,1,375,A 軽鉄下地 (天井),天井開口,一般材,天井 軽鉄下地 開口補強 (M),,1,軽鉄天井下地開口補強,19形 900×900,,,か所,M,10,"3,780","1,050","37,800",5 Ⅴ旅客 民間ﾊ民専3.1.(5)金属工事,労務,943,900,"3,420","9,430","9,000","34,200",262,250,950,2,2,2,1,1,2,0,0,1,1120001,,1,"1,050",262,250,950,,,,,1,,,"3,780",943,900,"3,420",,"9,430",756,"9,000",756,
3,1,376,,,,,,0,,(機械設備用),,,,,,,,,,,,,,,,,,,,0,0,0,0,1,0,0,0,0,,,1,,,,,,,,,,,,,,,,,,,,,
3,1,377,A 軽鉄下地 (天井),天井開口,一般材,天井 軽鉄下地 開口補強 (M),,1,軽鉄天井下地開口補強,19形 1000×1000,,,か所,M,6,"4,200","1,050","25,200",5 Ⅴ旅客 民間ﾊ民専3.1.(5)金属工事,労務,"1,048","1,000","3,800","6,288","6,000","22,800",262,250,950,2,2,2,1,1,2,0,0,1,1120001,,1,"1,050",262,250,950,,,,,1,,,"4,200","1,048","1,000","3,800",,"6,288",504,"6,000",504,
3,1,378,,,,,,0,,(機械設備用),,,,,,,,,,,,,,,,,,,,0,0,0,0,1,0,0,0,0,,,1,,,,,,,,,,,,,,,,,,,,,
3,1,379,A 軽鉄下地 (天井),天井開口,一般材,天井 軽鉄下地 開口補強 (M),,1,軽鉄天井下地開口補強,19形 2100×300,,,か所,M,62,"5,040","1,050","312,480",5 Ⅴ旅客 民間ﾊ民専3.1.(5)金属工事,労務,"1,258","1,200","4,560","77,996","74,400","282,720",262,250,950,2,2,2,1,1,2,0,0,1,1120001,,1,"1,050",262,250,950,,,,,1,,,"5,040","1,258","1,200","4,560",,"77,996","6,250","74,400","6,250",
3,1,380,,,,,,0,,(機械設備用),,,,,,,,,,,,,,,,,,,,0,0,0,0,1,0,0,0,0,,,1,,,,,,,,,,,,,,,,,,,,,
3,1,381,A 軽鉄下地 (天井),天井開口,一般材,天井 軽鉄下地 開口補強 600×600,,1,軽鉄天井下地開口補強,19形 600×600,,,か所,ｹ所,824,"2,850","2,850","2,348,400",5 Ⅴ旅客 民間ﾊ民専3.1.(5)金属工事,労務,785,600,"2,570","646,840","494,400","2,117,680",785,600,"2,570",0,0,0,1,1,0,0,0,1,1120102,,1,"2,850",785,600,"2,570",,,,,1,,,0,0,0,0,,"646,840","46,968","494,400","46,968",
3,1,382,,,,,,0,,(機械設備用天井点検口),,,,,,,,,,,,,,,,,,,,0,0,0,0,1,0,0,0,0,,,1,,,,,,,,,,,,,,,,,,,,,
3,1,383,,,,,,1,【工区⑥　≪車庫棟≫】,,,,,,,,,,,,,,,,,,,,,0,0,0,1,0,0,0,0,0,,,1,,,,,,,,,,,,,,,,,,,,,
3,1,384,,,,,,2,（内部）,,,,,,,,,,,,,,,,,,,,,0,0,0,1,0,0,0,0,0,,,1,,,,,,,,,,,,,,,,,,,,,
3,1,385,,,,,,3,＜壁＞,,,,,,,,,,,,,,,,,,,,,0,0,0,1,0,0,0,0,0,,,1,,,,,,,,,,,,,,,,,,,,,
3,1,386,B 軽鉄下地 (壁),壁,一般材,壁 軽鉄下地 W=65 @455,,4,壁 軽鉄壁下地,65形 下地張りあり @450,,,m2,㎡,12.2,"1,700","1,700","20,740",6Ⅵ車庫棟A建築工事10.金属工事,労務,869,400,"1,530","10,602","4,880","18,666",869,400,"1,530",0,0,0,1,1,0,0,0,1,2010106,,1,"1,700",869,400,"1,530",,,,,1,,,0,0,0,0,,"10,602",415,"4,880",415,
3,1,387,,,,,,5,＜間仕切＞,,,,,,,,,,,,,,,,,,,,,0,0,0,1,0,0,0,0,0,,,1,,,,,,,,,,,,,,,,,,,,,
3,1,388,B 軽鉄下地 (壁),壁,一般材,壁 軽鉄下地 W=65 @455,,6,軽鉄壁下地,t=65 JIS規格 @450,,,m2,㎡,17.6,"1,700","1,700","29,920",6Ⅵ車庫棟A建築工事10.金属工事,労務,869,400,"1,530","15,294","7,040","26,928",869,400,"1,530",0,0,0,1,1,0,0,0,1,2010106,,1,"1,700",869,400,"1,530",,,,,1,,,0,0,0,0,,"15,294",598,"7,040",598,
3,1,389,,,,,,0,,ｽｳｪｰ工法,,,,,,,,,,,,,,,,,,,,0,0,0,0,1,0,0,0,0,,,1,,,,,,,,,,,,,,,,,,,,,
3,1,390,,,,,,0,,,,,,,,,,,,,,,,,,,,,,0,0,0,0,0,0,0,0,0,,,1,,,,,,,,,,,,,,,,,,,,,
3,1,391,,,,,,0,,,,,,,,,,,,,,,,,,,,,,0,0,0,0,0,0,0,0,0,,,1,,,,,,,,,,,,,,,,,,,,,
3,1,392,,,,,,0,,,,,,,,,,,,,,,,,,,,,,0,0,0,0,0,0,0,0,0,,,1,,,,,,,,,,,,,,,,,,,,,
3,1,393,,,,,,0,,,,,,,,,,,,,,,,,,,,,,0,0,0,0,0,0,0,0,0,,,1,,,,,,,,,,,,,,,,,,,,,
3,1,394,,,,,,0,,,,,,,,,,,,,,,,,,,,,,0,0,0,0,0,0,0,0,0,,,1,,,,,,,,,,,,,,,,,,,,,
3,1,395,,,,,,1,本体工事,  計,,,,,,,,,,,,,,,,,,,,0,0,0,1,1,0,0,0,0,,,1,,,,,,,,,,,,,,,,,,,,,
3,1,396,,,,,,2,バスラウンジ工事（平成３０年度）,,,,,,,,,,,,,,,,,,,,,0,0,0,1,0,0,0,0,0,,,1,,,,,,,,,,,,,,,,,,,,,
3,1,397,,,,,,3,（外部）,,,,,,,,,,,,,,,,,,,,,0,0,0,1,0,0,0,0,0,,,1,,,,,,,,,,,,,,,,,,,,,
3,1,398,,,,,,4,＜壁＞,,,,,,,,,,,,,,,,,,,,,0,0,0,1,0,0,0,0,0,,,1,,,,,,,,,,,,,,,,,,,,,
3,1,399,B 軽鉄下地 (壁),壁,一般材,壁 軽鉄下地 W=65 @303,,5,軽鉄壁下地,W=65 @300,,,m2,㎡,48.1,"2,100","2,100","101,010",30ﾊﾞｽA.建築a.増築金属工事,労務,"1,110",450,"1,890","53,391","21,645","90,909","1,110",450,"1,890",0,0,0,1,1,0,0,0,1,2010006,,1,"2,100","1,110",450,"1,890",,,,,1,,,0,0,0,0,,"53,391","2,020","21,645","2,020",
3,1,400,,,,,,0,,(天井内(ACW上部)),,,,,,,,,,,,,,,,,,,,0,0,0,0,1,0,0,0,0,,,1,,,,,,,,,,,,,,,,,,,,,
3,1,401,,,,,,0,,図A-1363/L-2,,,,,,,,,,,,,,,,,,,,0,0,0,0,1,0,0,0,0,,,1,,,,,,,,,,,,,,,,,,,,,
3,1,402,,,,,,1,（内部）,,,,,,,,,,,,,,,,,,,,,0,0,0,1,0,0,0,0,0,,,1,,,,,,,,,,,,,,,,,,,,,
3,1,403,,,,,,2,＜壁＞,,,,,,,,,,,,,,,,,,,,,0,0,0,1,0,0,0,0,0,,,1,,,,,,,,,,,,,,,,,,,,,
3,1,404,B 軽鉄下地 (壁),柱型,一般材,柱型 軽鉄下地 W=65 @455,,3,柱型 軽鉄壁下地,65形 下地張りあり @450,,,m2,㎡,34.3,"2,450","2,450","84,035",30ﾊﾞｽA.建築a.増築金属工事,労務,"1,224",480,"2,210","41,983","16,464","75,803","1,224",480,"2,210",0,0,0,1,1,0,0,0,1,2070106,,1,"2,450","1,224",480,"2,210",,,,,1,,,0,0,0,0,,"41,983","1,681","16,464","1,681",
3,1,405,B 軽鉄下地 (壁),曲面壁,一般材,曲面壁 軽鉄下地 W=65 @225 R=2250,,4,円柱 軽鉄壁下地,65形 下地張りあり @450,,,m2,㎡,9,"5,950","5,950","53,550",30ﾊﾞｽA.建築a.増築金属工事,労務,"2,680",710,"5,360","24,120","6,390","48,240","2,680",710,"5,360",0,0,0,1,1,0,0,0,1,2040106,,1,"5,950","2,680",710,"5,360",,,,,1,,,0,0,0,0,,"24,120","1,071","6,390","1,071",
3,1,406,B 軽鉄下地 (壁),壁,一般材,壁 軽鉄下地 W=100 @455,,5,壁 軽鉄壁下地,100形 下地張りあり @450,,,m2,㎡,103,"1,850","1,850","190,550",30ﾊﾞｽA.建築a.増築金属工事,労務,961,420,"1,670","98,983","43,260","172,010",961,420,"1,670",0,0,0,1,1,0,0,0,1,2010109,,1,"1,850",961,420,"1,670",,,,,1,,,0,0,0,0,,"98,983","3,811","43,260","3,811",
3,1,407,,,,,,6,＜間仕切＞,,,,,,,,,,,,,,,,,,,,,0,0,0,1,0,0,0,0,0,,,1,,,,,,,,,,,,,,,,,,,,,
3,1,408,B 軽鉄下地 (壁),壁,一般材,壁 軽鉄下地 W=65 @455,,7,軽鉄壁下地,t=65 JIS規格 @450,,,m2,㎡,20.5,"1,700","1,700","34,850",30ﾊﾞｽA.建築a.増築金属工事,労務,869,400,"1,530","17,815","8,200","31,365",869,400,"1,530",0,0,0,1,1,0,0,0,1,2010106,,1,"1,700",869,400,"1,530",,,,,1,,,0,0,0,0,,"17,815",697,"8,200",697,
3,1,409,,,,,,0,,ｽｳｪｰ工法,,,,,,,,,,,,,,,,,,,,0,0,0,0,1,0,0,0,0,,,1,,,,,,,,,,,,,,,,,,,,,
3,1,410,B 軽鉄下地 (壁),壁,一般材,壁 軽鉄下地 W=100 @455,,1,軽鉄壁下地,t=100 JIS規格 @450,,,m2,㎡,582,"1,850","1,850","1,076,700",30ﾊﾞｽA.建築a.増築金属工事,労務,961,420,"1,670","559,302","244,440","971,940",961,420,"1,670",0,0,0,1,1,0,0,0,1,2010109,,1,"1,850",961,420,"1,670",,,,,1,,,0,0,0,0,,"559,302","21,534","244,440","21,534",
3,1,411,,,,,,0,,補強材:2□-100×100×3.2 @3600,,,,,,,,,,,,,,,,,,,,0,0,0,1,1,0,0,0,0,,,1,,,,,,,,,,,,,,,,,,,,,
3,1,412,,,,,,0,,ｽｳｪｰ工法,,,,,,,,,,,,,,,,,,,,0,0,0,0,1,0,0,0,0,,,1,,,,,,,,,,,,,,,,,,,,,
3,1,413,,,,,,0,,(5.0＜H≦7.0m),,,,,,,,,,,,,,,,,,,,0,0,0,0,1,0,0,0,0,,,1,,,,,,,,,,,,,,,,,,,,,
3,1,414,,,,,,0,,図A-1352C/11,,,,,,,,,,,,,,,,,,,,0,0,0,0,1,0,0,0,0,,,1,,,,,,,,,,,,,,,,,,,,,
3,1,415,B 軽鉄下地 (壁),壁開口,一般材,壁 開口補強 W=100,壁 開口補強 2C-75×45×15,1,軽鉄壁下地 開口部補強,LGS100形用,,,ｍ,M,166,"1,300","1,300","215,800",30ﾊﾞｽA.建築a.増築金属工事,労務,620,290,"1,170","102,920","48,140","194,220",620,290,"1,170",0,0,0,1,1,0,0,0,1,2130009,2130106,1,"1,300",620,290,"1,170",,,,,1,,,0,0,0,0,,"102,920","4,316","48,140","4,316",
3,1,416,,,,,,0,,2C-75ｘ45ｘ15ｘ2.3,,,,,,,,,,,,,,,,,,,,0,0,0,0,1,0,0,0,0,,,1,,,,,,,,,,,,,,,,,,,,,
3,1,417,,,,,,0,,図A-1352C/10,,,,,,,,,,,,,,,,,,,,0,0,0,0,1,0,0,0,0,,,1,,,,,,,,,,,,,,,,,,,,,
3,1,418,A 軽鉄下地 (天井),天井,一般材,天井 軽鉄下地 @227.5,ﾌﾄｺﾛ H=4000以下 (水平補強2段),1,天井 軽鉄天井下地,19形 直張(化粧PBt9.5) @225,,,m2,㎡,2.9,"4,000","4,000","11,600",30ﾊﾞｽA.建築a.増築金属工事,労務,"1,820",860,"3,600","5,278","2,494","10,440","1,820",860,"3,600",0,0,0,1,1,0,0,0,1,1010004,1130108,1,"1,500",695,430,"1,350","2,500","1,125",430,"2,250",1,,,0,0,0,0,,"5,278",232,"2,494",232,
3,1,419,,,,,,0,,ﾌﾄｺﾛ 3.5≦H<4.0,,,,,,,,,,,,,,,,,,,,0,0,0,0,1,0,0,0,0,,,1,,,,,,,,,,,,,,,,,,,,,
3,1,420,,,,,,0,,振止2段共,,,,,,,,,,,,,,,,,,,,0,0,0,0,1,0,0,0,0,,,1,,,,,,,,,,,,,,,,,,,,,
3,1,421,,,,,,1,（外部）,,,,,,,,,,,,,,,,,,,,,0,0,0,1,0,0,0,0,0,,,1,,,,,,,,,,,,,,,,,,,,,
3,1,422,,,,,,2,＜壁＞,,,,,,,,,,,,,,,,,,,,,0,0,0,1,0,0,0,0,0,,,1,,,,,,,,,,,,,,,,,,,,,
3,1,423,B 軽鉄下地 (壁),壁,一般材,壁 軽鉄下地 W=65 @303,,3,壁 軽鉄壁下地,W=65 @300,,,m2,㎡,76,"2,100","2,100","159,600",30ﾊﾞｽA建築b既存改修3.外部 金属工事,労務,"1,110",450,"1,890","84,360","34,200","143,640","1,110",450,"1,890",0,0,0,1,1,0,0,0,1,2010006,,1,"2,100","1,110",450,"1,890",,,,,1,,,0,0,0,0,,"84,360","3,192","34,200","3,192",
3,1,424,,,,,,0,,(天井内(ACW上部)),,,,,,,,,,,,,,,,,,,,0,0,0,0,1,0,0,0,0,,,1,,,,,,,,,,,,,,,,,,,,,
3,1,425,,,,,,0,,図A-1363/L-2,,,,,,,,,,,,,,,,,,,,0,0,0,0,1,0,0,0,0,,,1,,,,,,,,,,,,,,,,,,,,,
3,1,426,,,,,,1,(内部),,,,,,,,,,,,,,,,,,,,,0,0,0,1,0,0,0,0,0,,,1,,,,,,,,,,,,,,,,,,,,,
3,1,427,,,,,,2,＜壁＞,,,,,,,,,,,,,,,,,,,,,0,0,0,1,0,0,0,0,0,,,1,,,,,,,,,,,,,,,,,,,,,
3,1,428,B 軽鉄下地 (壁),壁,一般材,壁 軽鉄下地 W=100 @455,,3,壁 軽鉄壁下地,100形 下地張りあり @450,,,m2,㎡,21.5,"1,850","1,850","39,775",30ﾊﾞｽA建築b既存改修4.内部1.内装 金属工,労務,961,420,"1,670","20,662","9,030","35,905",961,420,"1,670",0,0,0,1,1,0,0,0,1,2010109,,1,"1,850",961,420,"1,670",,,,,1,,,0,0,0,0,,"20,662",796,"9,030",796,
3,1,429,B 軽鉄下地 (壁),柱型,一般材,柱型 軽鉄下地 W=100 @455,,4,柱型 軽鉄壁下地,100形 下地張りあり @450,,,m2,㎡,16.6,"2,800","2,800","46,480",30ﾊﾞｽA建築b既存改修4.内部1.内装 金属工,労務,"1,444",500,"2,520","23,970","8,300","41,832","1,444",500,"2,520",0,0,0,1,1,0,0,0,1,2070109,,1,"2,800","1,444",500,"2,520",,,,,1,,,0,0,0,0,,"23,970",930,"8,300",930,
3,1,430,B 軽鉄下地 (壁),壁,一般材,壁 軽鉄下地 W=100 @455,,5,壁 軽鉄壁下地,100形 下地張りあり @450,,,m2,㎡,6.9,"1,850","1,850","12,765",30ﾊﾞｽA建築b既存改修4.内部1.内装 金属工,労務,961,420,"1,670","6,631","2,898","11,523",961,420,"1,670",0,0,0,1,1,0,0,0,1,2010109,,1,"1,850",961,420,"1,670",,,,,1,,,0,0,0,0,,"6,631",255,"2,898",255,
3,1,431,,,,,,0,,補強材:2□-100×100×3.2 @3600,,,,,,,,,,,,,,,,,,,,0,0,0,1,1,0,0,0,0,,,1,,,,,,,,,,,,,,,,,,,,,
3,1,432,,,,,,0,,(5.0＜H≦7.0m),,,,,,,,,,,,,,,,,,,,0,0,0,0,1,0,0,0,0,,,1,,,,,,,,,,,,,,,,,,,,,
3,1,433,,,,,,0,,図A-2252準,,,,,,,,,,,,,,,,,,,,0,0,0,0,1,0,0,0,0,,,1,,,,,,,,,,,,,,,,,,,,,
3,1,434,B 軽鉄下地 (壁),壁開口,一般材,壁 開口補強 W=100,,1,軽鉄壁下地 開口部補強,100形用,,,ｍ,M,13.9,"1,300","1,300","18,070",30ﾊﾞｽA建築b既存改修4.内部1.内装 金属工,労務,620,290,"1,170","8,618","4,031","16,263",620,290,"1,170",0,0,0,1,1,0,0,0,1,2130009,,1,"1,300",620,290,"1,170",,,,,1,,,0,0,0,0,,"8,618",361,"4,031",361,
3,1,435,,,,,,2,＜天井＞,,,,,,,,,,,,,,,,,,,,,0,0,0,1,0,0,0,0,0,,,1,,,,,,,,,,,,,,,,,,,,,
3,1,436,A 軽鉄下地 (天井),天井,一般材,天井 軽鉄下地 @227.5,ﾌﾄｺﾛ H=3000以下 (水平補強),3,天井 軽鉄天井下地,19形 捨張,,,m2,㎡,63.1,"3,000","3,000","189,300",30ﾊﾞｽA建築b既存改修4.内部1.内装 金属工,労務,"1,435",620,"2,700","90,549","39,122","170,370","1,435",620,"2,700",0,0,0,1,1,0,0,0,1,1010004,1130105,1,"1,500",695,430,"1,350","1,500",740,190,"1,350",1,,,0,0,0,0,,"90,549","3,786","39,122","3,786",
3,1,437,,,,,,0,,(岩綿吸音板t9+PBt9.5) @360,,,,,,,,,,,,,,,,,,,,0,0,0,0,1,0,0,0,0,,,1,,,,,,,,,,,,,,,,,,,,,
3,1,438,,,,,,0,,ﾌﾄｺﾛ 2.5≦H<3.0,,,,,,,,,,,,,,,,,,,,0,0,0,0,1,0,0,0,0,,,1,,,,,,,,,,,,,,,,,,,,,
3,1,439,,,,,,0,,振止1段共,,,,,,,,,,,,,,,,,,,,0,0,0,0,1,0,0,0,0,,,1,,,,,,,,,,,,,,,,,,,,,
3,1,440,,,,,,0,,,,,,,,,,,,,,,,,,,,,,0,0,0,0,0,0,0,0,0,,,1,,,,,,,,,,,,,,,,,,,,,
